C_MODULAR;CENTRO_EDUCATIVO;NIVEL;TIPO;DIRECCION;DISTRITO;UBIGEO;COORDENADAS;TOTAL
437426;BERTOLT BRECHT;Secundaria;Privada;AVENIDA COLONIAL 2798 LIMA CERCADO - LIMA CERCADO;LIMA;150101;-12.04986,-77.07887;509
435263;BERTOLT BRECHT;Primaria;Privada;AVENIDA COLONIAL 2798 LIMA CERCADO - LIMA CERCADO;LIMA;150101;-12.04986,-77.07887;527
605634;20 SANTA ROSA DE LIMA;Inicial - Cuna-jardÍn;Pública de gesti¢n directa;JIRON JUPITER 680 LA LUZ - LIMA CERCADO;LIMA;150101;-12.06664,-77.07132;339
827642;DIVINO Y SAGRADO CORAZON DE JESUS;Inicial - JardÍn;Privada;JIRON SUECIA 1216 SAN RAFAEL - LIMA CERCADO;LIMA;150101;-12.0494,-77.06061;54
763664;102 HOSPITAL DOS DE MAYO;Inicial - Cuna-jardÍn;Pública de gesti¢n directa;AVENIDA GRAU CUADRA 12 S/N LIMA CERCADO - LIMA CERCADO;LIMA;150101;-12.05672,-77.01668;42
331793;INMACULADA VIRGEN DEL TRANSITO;Inicial - JardÍn;Privada;JIRON HUARI 660 BARRIOS ALTOS - LIMA CERCADO;LIMA;150101;-12.05132,-77.0142;5
335265;14 DIVINA NIÑA MARIA;Inicial - Cuna-jardÍn;Pública de gesti¢n directa;BLOCK A - 11 UNIDAD VECINAL 3 - LIMA CERCADO;LIMA;150101;-12.05148,-77.07845;305
335281;030 SANTA TERESITA DEL DIVINO NIÑO;Inicial - JardÍn;Pública de gesti¢n directa;JIRON JOSE DIAZ 412 SANTA BEATRIZ - LIMA CERCADO;LIMA;150101;-12.06868,-77.03501;220
335299;16 VIRGEN DE LOURDES;Inicial - Cuna-jardÍn;Pública de gesti¢n directa;BLOCK 46-A UNIDAD VECINAL 3 - LIMA CERCADO;LIMA;150101;-12.05413,-77.08195;0
335323;WARMA KUYAY;Inicial - Cuna-jardÍn;Pública de gesti¢n directa;JIRON PEREZ DE TUDELA CDRA 24 S/N MIRONES BAJOS - LIMA CERCADO;LIMA;150101;-12.03603,-77.07264;188
335331;19 EL PLANETA;Inicial - JardÍn;Pública de gesti¢n directa;JIRON DIEGO LA TORRE CDRA 16 S/N EL PLANETA - LIMA CERCADO;LIMA;150101;-12.03782,-77.06353;434
335414;29 ROSA DE SANTA MARIA;Inicial - Cuna-jardÍn;Pública de gesti¢n directa;JIRON ANCASH 1439 JARDIN ROSA DE SANTA MARIA - LIMA CERCADO;LIMA;150101;-12.04463,-77.01423;167
335703;26 NIÑO JESUS DE ATOCHE;Inicial - JardÍn;Pública de gesti¢n directa;JIRON ANTONIO MIROQUESADA 1296 BARRIOS ALTOS - LIMA CERCADO;LIMA;150101;-12.05313,-77.01749;255
335729;JESUS REPARADOR;Inicial - JardÍn;Privada;JIRON CUZCO 723 BARRIOS ALTOS - LIMA CERCADO;LIMA;150101;-12.053,-77.02635;68
335950;NUESTRA SEÑORA DE COCHARCAS;Inicial - JardÍn;Privada;JIRON HUANUCO 942 ALTOS - LIMA CERCADO;LIMA;150101;-12.05531,-77.01851;58
335968;NUESTRA SEÑORA DE LAS MERCEDES;Inicial - JardÍn;Privada;JIRON MAYNAS 540 BARRIOS ALTOS - LIMA CERCADO;LIMA;150101;-12.04846,-77.01722;61
335976;NUESTRA SEÑORA DEL PRADO;Inicial - JardÍn;Privada;JIRON JUNIN 1411 BARRIOS ALTOS - LIMA CERCADO;LIMA;150101;-12.05183,-77.01496;39
336222;SANTO ANGEL;Inicial - JardÍn;Privada;JIRON JOSE DIAZ 374 SANTA BEATRIZ - LIMA CERCADO;LIMA;150101;-12.05272,-77.0674;...
466367;21 SAN BENITO DE PALERMO;Inicial - JardÍn;Pública de gesti¢n directa;JIRON LAS FABRICAS CDRA 2 S/N 1 DE SETIEMBRE - LIMA CERCADO;LIMA;150101;-12.0413,-77.0677;224
476655;SAN IGNACIO DE LOYOLA;Inicial - JardÍn;Privada;JIRON SANCHEZ PINILLOS 280 LIMA CERCADO - LIMA CERCADO;LIMA;150101;-12.0483,-77.04511;31
482323;06 REPUBLICA DE HOLANDA;Inicial - JardÍn;Pública de gesti¢n directa;JIRON CARABAYA 1171 LIMA CERCADO - LIMA CERCADO;LIMA;150101;-12.05526,-77.03562;296
496604;SANTA TERESA DE JESUS;Inicial - JardÍn;Privada;JIRON OROPESA 180 BARRIOS ALTOS - LIMA CERCADO;LIMA;150101;-12.05101,-77.01181;26
503714;1037 RAMON ESPINOZA;Inicial - JardÍn;Pública de gesti¢n directa;JIRON ANCASH 1254 BARRIOS ALTOS - LIMA CERCADO;LIMA;150101;-12.04673,-77.01667;133
509729;SEÑOR DE LA MISERICORDIA;Inicial - JardÍn;Privada;JIRON JUNIN 1458 BARRIOS ALTOS - LIMA CERCADO;LIMA;150101;-12.05193,-77.01502;76
524793;1152-108 DOS DE MAYO;Inicial - JardÍn;Pública de gesti¢n directa;JIRON GENERAL BUENDIA 519 2 DE MAYO - LIMA CERCADO;LIMA;150101;-12.03669,-77.05004;117
526095;1153 REPUBLICA DE CANADA;Inicial - JardÍn;Pública de gesti¢n directa;AVENIDA MORALES DUAREZ 342 1 DE MAYO - LIMA CERCADO;LIMA;150101;-12.03806,-77.04818;194
537597;0038 SAN MARTIN DE PORRES;Inicial - JardÍn;Pública de gesti¢n directa;JIRON ASCOPE 142 CONDE DE LA VEGA ALTA - LIMA CERCADO;LIMA;150101;-12.03948,-77.04636;136
537977;50 LA SAGRADA FAMILIA;Inicial - JardÍn;Pública de gesti¢n directa;JIRON MOQUEGUA 377 LIMA CERCADO - LIMA CERCADO;LIMA;150101;-12.048095,-77.036974;191
556530;31;Inicial - Cuna-jardÍn;Pública de gesti¢n directa;AVENIDA NICOLAS AYLLON CDRA 4 BLOCK G 14 S/N MANZANILLA - LIMA CERCADO;LIMA;150101;-12.0595,-77.009;217
561787;1036 REPUBLICA DE COSTA RICA;Inicial - JardÍn;Pública de gesti¢n directa;JIRON DESAGUADERO 490 BARRIOS ALTOS - LIMA CERCADO;LIMA;150101;-12.04939,-77.01234;259
562025;DIVINO CREADOR;Inicial - JardÍn;Privada;JIRON SULLANA 1945 CHACRA RIOS NORTE - LIMA CERCADO;LIMA;150101;-12.05414,-77.06002;38
664250;LAS MERCEDITAS;Inicial - JardÍn;Privada;JIRON DESAGUADERO 379 BARRIOS ALTOS - LIMA CERCADO;LIMA;150101;-12.04948,-77.01321;34
697482;CESAR VALLEJO;Inicial - JardÍn;Privada;JIRON CRESPO Y CASTILLO 2685 MIRONES BAJOS - LIMA CERCADO;LIMA;150101;-12.0371,-77.07493;32
702936;097 MINISTERIO PUBLICO;Inicial - Cuna-jardÍn;Pública de gesti¢n directa;JIRON AYACUCHO 613 LIMA CERCADO - LIMA CERCADO;LIMA;150101;-12.05165,-77.02742;109
739243;SANTA ANA;Inicial - JardÍn;Privada;JIRON PARURO 769 BARRIOS ALTOS - LIMA CERCADO;LIMA;150101;-12.051319,-77.024554;120
739276;LOS PASTORCITOS DE BELEN;Inicial - JardÍn;Privada;JIRON DOMINGO ASTETE Y MOSCOSO 1689 LAS CIPRESES AVEP - LIMA CERCADO;LIMA;150101;-12.05669,-77.07655;30
739284;NUESTRA SEÑORA DE MONTSERRAT;Inicial - JardÍn;Privada;JIRON LIMA 653 LIMA CERCADO - LIMA CERCADO;LIMA;150101;-12.042483,-77.036749;132
763656;100 VIRGEN DE LA MERCED;Inicial - JardÍn;Pública de gesti¢n directa;AVENIDA MORALES DUAREZ 2053 MIRONES BAJOS - LIMA CERCADO;LIMA;150101;-12.03522,-77.0685;166
763680;1166 LIBERTADOR SIMON BOLIVAR;Inicial - JardÍn;Pública de gesti¢n directa;JIRON RAMON CARCAMO 195 CONDE DE LA VEGA BAJA - LIMA CERCADO;LIMA;150101;-12.040281,-77.051309;196
763714;SAINT MARK;Inicial - JardÍn;Privada;AVENIDA AURELIO GARCIA Y GARCIA 1689 LAS CIPRESES AVEP - LIMA CERCADO;LIMA;150101;-12.05715,-77.07579;13
335752;48 JUANA ALARCO DE DAMMERT;Inicial - Cuna-jardÍn;Privada;JIRON ANTONIO MIROQUEZADA 1327 BARRIOS ALTOS - LIMA CERCADO;LIMA;150101;-12.05295,-77.01681;139
510321;89 LAS MERCEDARIAS;Inicial - Cuna-jardÍn;Pública de gesti¢n directa;JIRON ANCASH 1098 BARRIOS ALTOS - LIMA CERCADO;LIMA;150101;-12.04413,-77.01238;140
605741;088 NIÑA MARIA;Inicial - Cuna-jardÍn;Pública de gesti¢n directa;JIRON CONDE DE SUPERUNDA 446 LIMA CERCADO - LIMA CERCADO;LIMA;150101;-12.04297,-77.03416;144
645051;94 MICAELA BASTIDAS;Inicial - Cuna-jardÍn;Pública de gesti¢n directa;JIRON MELCHOR DE TALAMANTES 100 MIRONES BAJOS - LIMA CERCADO;LIMA;150101;-12.03661,-77.0798;203
325803;1016 JOHN F. KENNEDY;Primaria;Pública de gesti¢n directa;AVENIDA VENEZUELA S/N PALOMINO - LIMA CERCADO;LIMA;150101;-12.0589,-77.07191;200
331074;CATOLICA LAS MERCEDES;Primaria;Privada;JIRON TNTE ARANCIBIA 358 BARRIOS ALTOS - LIMA CERCADO;LIMA;150101;-12.04908,-77.01389;149
331249;SANTA TERESA DE JESUS;Primaria;Privada;JIRON OROPESA 180 BARRIOS ALTOS - LIMA CERCADO;LIMA;150101;-12.05101,-77.01181;216
331280;FRAY LUIS DE LEON;Primaria;Privada;JIRON JUAN OLAECHEA ARNAO 1381 ELIO - LIMA CERCADO;LIMA;150101;-12.05399,-77.07401;104
331355;INMACULADA DE LAS NIEVES;Primaria;Privada;AVENIDA LUIS BRAILLE 1437 LA TRINIDAD - LIMA CERCADO;LIMA;150101;-12.053,-77.06663;58
331447;JESUS REPARADOR;Primaria;Privada;JIRON CUZCO 723 BARRIOS ALTOS - LIMA CERCADO;LIMA;150101;-12.053,-77.02635;176
331512;LIMA SAN CARLOS;Primaria;Privada;AVENIDA URUGUAY 384-390 CERCADO - LIMA CERCADO;LIMA;150101;-12.05415,-77.03947;15
331553;ASOCIACION COLEGIO MARIA ALVARADO;Primaria;Privada;AVENIDA 28 DE JULIO 249 CERCADO - LIMA CERCADO;LIMA;150101;-12.06495,-77.04391;442
331694;NUESTRA SEÑORA DE LA MERCED;Primaria;Privada;JIRON PEREZ DE TUDELA 2474 MIRONES BAJOS - LIMA CERCADO;LIMA;150101;-12.03605,-77.0729;175
331702;105 PEDRO CORONADO ARRASCUE;Primaria;Pública de gesti¢n directa;AVENIDA ALFONSO UGARTE 120 LIMA CERCADO - LIMA CERCADO;LIMA;150101;-12.04086,-77.0443;143
331736;NUESTRA SEÑORA DEL PRADO;Primaria;Privada;JIRON JUNIN 1411 BARRIOS ALTOS - LIMA CERCADO;LIMA;150101;-12.05183,-77.01496;124
331744;NUESTRA SEÑORA DE LAS MERCEDES;Primaria;Privada;JIRON MAYNAS 540 BARRIOS ALTOS - LIMA CERCADO;LIMA;150101;-12.04846,-77.01722;195
331751;NIÑO JESUS DE PRAGA;Primaria;Privada;JIRON CONCHUCOS 278 BARRIOS ALTOS - LIMA CERCADO;LIMA;150101;-12.04609,-77.01147;155
331769;NUESTRA SEÑORA DEL CARMELO;Primaria;Privada;JIRON MIRO QUESADA 1533 BARRIOS ALTOS - LIMA CERCADO;LIMA;150101;-12.05215,-77.01366;...
331785;NUESTRA SEÑORA DE COCHARCAS;Primaria;Privada;JIRON HUANUCO 942 ALTOS - LIMA CERCADO;LIMA;150101;-12.05531,-77.01851;184
332098;SAN ANDRES;Primaria;Privada;AVENIDA PETIT THOUARS 179 SANTA BEATRIZ - LIMA CERCADO;LIMA;150101;-12.06483,-77.03619;248
332189;SANTA ISABEL DE HUNGRIA;Primaria;Privada;AVENIDA NACIONES UNIDAS 1678 CHACRA RIOS NORTE - LIMA CERCADO;LIMA;150101;-12.05328,-77.06148;260
332205;SANTISIMA TRINIDAD;Primaria;Privada;JIRON HOLANDA 2456 CHACRA RIOS NORTE - LIMA CERCADO;LIMA;150101;-12.05127,-77.0644;593
332213;111 SAN JOSE DE ARTESANOS;Primaria;Pública de gesti¢n directa;JIRON AYACUCHO 179 LIMA CERCADO - LIMA CERCADO;LIMA;150101;-12.04645,-77.02476;281
332239;SAN IGNACIO DE LOYOLA;Primaria;Privada;JIRON SANCHEZ PINILLOS 280 LIMA CERCADO - LIMA CERCADO;LIMA;150101;-12.0483,-77.04511;302
332262;SANTISIMO SALVADOR;Primaria;Privada;JIRON ANCASH 880 BARRIOS ALTOS - LIMA CERCADO;LIMA;150101;-12.04765,-77.022;87
332288;SANTO TOMAS DE AQUINO;Primaria;Privada;CALLE RINCONADA DE SANTO DOMINGO 209 LIMA - LIMA CERCADO;LIMA;150101;-12.04303,-77.03274;294
332296;SANTA ZOILA;Primaria;Privada;JIRON HUANTA 1011 BARRIOS ALTOS - LIMA CERCADO;LIMA;150101;-12.05392,-77.02327;59
332304;SEÑOR DE LA MISERICORDIA;Primaria;Privada;JIRON JUNIN 1458 BARRIOS ALTOS - LIMA CERCADO;LIMA;150101;-12.05193,-77.01502;360
334938;0035 NUESTRA SEÑORA DE LA VISITACION;Primaria;Pública de gesti¢n directa;JIRON PACASMAYO 550 LIMA CERCADO - LIMA CERCADO;LIMA;150101;-12.046186,-77.046883;358
334961;0038 SAN MARTIN DE PORRES;Primaria;Pública de gesti¢n directa;JIRON ASCOPE 142 CONDE DE LA VEGA ALTA - LIMA CERCADO;LIMA;150101;-12.03948,-77.04636;142
334979;0040 HIPOLITO UNANUE;Primaria;Pública de gesti¢n directa;AVENIDA ELVIRA GARCIA Y GARCIA S/N UNIDAD VECINAL DE MIRONES - LIMA CERCADO;LIMA;150101;-12.05265,-77.0704;414
335224;PNP TUPAC AMARU;Primaria;Pública de gesti¢n directa;AVENIDA SEBASTIAN LORENTE 731 BARRIOS ALTOS - LIMA CERCADO;LIMA;150101;-12.04982,-77.01277;245
336297;1001 JOSE JIMENEZ BORJA;Primaria;Pública de gesti¢n directa;JIRON WASHINGTON 1454 LIMA CERCADO - LIMA CERCADO;LIMA;150101;-12.05908,-77.03922;341
338012;1021 REPUBLICA FEDERAL DE ALEMANIA;Primaria;Pública de gesti¢n directa;AVENIDA BELISARIO SOSA PELAEZ 1550 MATEO SALADO - LIMA CERCADO;LIMA;150101;-12.0644,-77.06369;293
338129;1027 REPUBLICA DE NICARAGUA;Primaria;Pública de gesti¢n directa;JIRON ANCASH 1379 BARRIOS ALTOS - LIMA CERCADO;LIMA;150101;-12.04557,-77.01448;182
338145;1028 REPUBLICA ARGENTINA;Primaria;Pública de gesti¢n directa;JIRON MIROQUESADA 1340 BARRIOS ALTOS - LIMA CERCADO;LIMA;150101;-12.05314,-77.01645;120
338228;1032 REPUBLICA DEL BRASIL;Primaria;Pública de gesti¢n directa;JIRON CANGALLO 731 BARRIOS ALTOS - LIMA CERCADO;LIMA;150101;-12.05586,-77.02194;281
338301;1036 REPUBLICA DE COSTA RICA;Primaria;Pública de gesti¢n directa;JIRON DESAGUADERO 490 BARRIOS ALTOS - LIMA CERCADO;LIMA;150101;-12.04939,-77.01234;480
338327;1037 RAMON ESPINOZA;Primaria;Pública de gesti¢n directa;JIRON ANCASH 1254 BARRIOS ALTOS - LIMA CERCADO;LIMA;150101;-12.04673,-77.01667;247
338343;1038 MARIA PARADO DE BELLIDO;Primaria;Pública de gesti¢n directa;JIRON ANCASH 729 BARRIOS ALTOS - LIMA CERCADO;LIMA;150101;-12.04723,-77.02355;517
338541;1048 VIRGEN PURISIMA;Primaria;Pública de gesti¢n directa;JIRON ANCASH 1529 MZ P-21 JARDIN ROSA DE SANTA MARIA - LIMA CERCADO;LIMA;150101;-12.044165,-77.014472;168
338566;1049 JUANA ALARCO DE DAMMERT;Primaria;Pública de gesti¢n directa;JIRON CUZCO 426 LIMA CERCADO - LIMA CERCADO;LIMA;150101;-12.05116,-77.03003;320
338574;VIRGO POTENS;Primaria;Pública de gesti¢n privada;JIRON PUNO 1731 BARRIOS ALTOS - LIMA CERCADO;LIMA;150101;-12.055,-77.01568;752
338954;1145 REPUBLICA DE VENEZUELA;Primaria;Pública de gesti¢n directa;JIRON CALLAO 773 LIMA CERCADO - LIMA CERCADO;LIMA;150101;-12.04199,-77.03806;265
338970;1146 REPUBLICA DEL PARAGUAY;Primaria;Pública de gesti¢n directa;AVENIDA EMANCIPACION 731 LIMA CERCADO - LIMA CERCADO;LIMA;150101;-12.04518,-77.03971;344
338996;1147 ANDRES ROSALES VALENCIA;Primaria;Pública de gesti¢n directa;JIRON CAÑETE 614 LIMA CERCADO - LIMA CERCADO;LIMA;150101;-12.04637,-77.04037;190
339036;1148 JUANA INFANTES VERA;Primaria;Pública de gesti¢n directa;BLOCK 52 A UNIDAD VECINAL 3 - LIMA CERCADO;LIMA;150101;-12.05351,-77.08315;357
339051;1149 SAGRADO CORAZON DE JESUS;Primaria;Pública de gesti¢n directa;JIRON COLONIAL 265 PARQUE UNION - LIMA CERCADO;LIMA;150101;-12.046434,-77.044921;500
339077;1150 ABRAHAM ZEA CARREON;Primaria;Pública de gesti¢n directa;AVENIDA MORALES DUAREZ 2057 MIRONES BAJOS - LIMA CERCADO;LIMA;150101;-12.0352,-77.06873;729
339119;1152-108 DOS DE MAYO;Primaria;Pública de gesti¢n directa;JIRON GENERAL BUENDIA 519 2 DE MAYO - LIMA CERCADO;LIMA;150101;-12.03669,-77.05004;360
339135;1153 REPUBLICA DE CANADA;Primaria;Pública de gesti¢n directa;AVENIDA MORALES DUAREZ 342 1 DE MAYO - LIMA CERCADO;LIMA;150101;-12.03806,-77.04818;333
339150;1154 NUESTRA SEÑORA DEL CARMEN;Primaria;Pública de gesti¢n directa;JIRON ELVIRA GARCIA Y GARCIA S/N MIRONES - LIMA CERCADO;LIMA;150101;-12.0526,-77.06866;486
339192;1156 JOSE SEBASTIAN BARRANCA LOVERA;Primaria;Pública de gesti¢n directa;JIRON HUARANCAYO 168 CONDE DE LA VEGA BAJA - LIMA CERCADO;LIMA;150101;-12.03836,-77.05367;200
339218;1157 JULIO CESAR TELLO ROJAS;Primaria;Pública de gesti¢n directa;AVENIDA JOAQUIN CAPELLO 3110 MIRONES BAJOS - LIMA CERCADO;LIMA;150101;-12.03722,-77.0801;352
339275;1160 JOSE FAUSTINO SANCHEZ CARRION;Primaria;Pública de gesti¢n directa;JIRON REPUBLICA DEL ECUADOR 605 LIMA CERCADO - LIMA CERCADO;LIMA;150101;-12.0427,-77.0561;159
339291;1161;Primaria;Pública de gesti¢n directa;CALLE CRESPO Y CASTILLO MIRONES ALTOS - LIMA CERCADO;LIMA;150101;-12.03672,-77.06077;291
339317;1162 DIVINO NIÑO JESUS;Primaria;Pública de gesti¢n directa;JIRON MOQUEGUA 245 LIMA CERCADO - LIMA CERCADO;LIMA;150101;-12.049,-77.03559;438
339333;1163 JOSE MARIA ARGUEDAS ALTAMIRANO;Primaria;Pública de gesti¢n directa;JIRON REPUBLICA DEL ECUADOR 295 EL PLANETA - LIMA CERCADO;LIMA;150101;-12.0394,-77.05658;454
339374;1165 HOLANDA;Primaria;Pública de gesti¢n directa;JIRON HOLANDA 2276 CHACRA RIOS NORTE - LIMA CERCADO;LIMA;150101;-12.051252,-77.063076;151
339390;1166 LIBERTADOR SIMON BOLIVAR;Primaria;Pública de gesti¢n directa;JIRON RAMON CARCAMO 195 CONDE DE LA VEGA BAJA - LIMA CERCADO;LIMA;150101;-12.040281,-77.051309;280
466375;0095 MARIA AUXILIADORA;Primaria;Pública de gesti¢n directa;AVENIDA MATERIALES 2005 PALERMO - LIMA CERCADO;LIMA;150101;-12.04113,-77.06812;240
466649;SANTA MARIA REYNA;Primaria;Privada;JIRON JUNIN 1038 BARRIOS ALTOS - LIMA CERCADO;LIMA;150101;-12.04801,-77.04046;1
478420;0099 OSCAR MIRO QUESADA DE LA GUERRA;Primaria;Pública de gesti¢n directa;JIRON PARURO 231 BARRIOS ALTOS - LIMA CERCADO;LIMA;150101;-12.04595,-77.02188;69
508903;117 RVDO. PADRE PASCUAL ALEGRE GONZALES;Primaria;Pública de gesti¢n directa;AVENIDA NICOLAS DUEÑAS 702 MIRONES BAJOS - LIMA CERCADO;LIMA;150101;-12.04407,-77.0658;266
526491;SEÑOR DE LUREN;Primaria;Privada;JIRON CRESPO Y CASTILLO 2401 MIRONES BAJOS - LIMA CERCADO;LIMA;150101;-12.03663,-77.07231;71
555953;PNP CAP. ALIPIO PONCE VASQUEZ;Primaria;Pública de gesti¢n directa;AVENIDA SEBASTIAN LORENTE 769 BARRIOS ALTOS - LIMA CERCADO;LIMA;150101;-12.050325,-77.012703;267
556431;103 LUIS ARMANDO CABELLO HURTADO;Primaria;Pública de gesti¢n directa;PASAJE ALTO DE LA ALIANZA S/N MANZANILLA - LIMA CERCADO;LIMA;150101;-12.05834,-77.01134;508
587188;INMACULADA VIRGEN DEL TRANSITO;Primaria;Privada;JIRON HUARI 660 BARRIOS ALTOS - LIMA CERCADO;LIMA;150101;-12.05132,-77.0142;12
605592;DIVINO CREADOR;Primaria;Privada;JIRON SULLANA 1945 CHACRA RIOS NORTE - LIMA CERCADO;LIMA;150101;-12.05414,-77.06002;130
605600;CESAR VALLEJO;Primaria;Privada;JIRON CRESPO Y CASTILLO 2685 MIRONES BAJOS - LIMA CERCADO;LIMA;150101;-12.0371,-77.07493;169
629329;1035 JOSE DEL CARMEN MARIN ARISTA;Primaria;Pública de gesti¢n directa;AVENIDA NICOLAS DE PIEROLA 1533 LIMA CERCADO - LIMA CERCADO;LIMA;150101;-12.05579,-77.02819;479
739318;NUESTRA SEÑORA DE MONTSERRAT;Primaria;Privada;JIRON LIMA 653 LIMA CERCADO - LIMA CERCADO;LIMA;150101;-12.042483,-77.036749;753
763730;ELIM;Primaria;Privada;JIRON PALCA 128 CERCADO - LIMA CERCADO;LIMA;150101;-12.0632,-77.0404;108
334094;1040 REPUBLICA DE HAITI;Primaria;Pública de gesti¢n directa;JIRON AZANGARO 876 LIMA CERCADO - LIMA CERCADO;LIMA;150101;-12.053743,-77.032506;199
334656;0040 HIPOLITO UNANUE;Secundaria;Pública de gesti¢n directa;AVENIDA ELVIRA GARCIA Y GARCIA S/N UNIDAD VECINAL DE MIRONES - LIMA CERCADO;LIMA;150101;-12.05265,-77.0704;922
334730;PNP CAP. ALIPIO PONCE VASQUEZ;Secundaria;Pública de gesti¢n directa;AVENIDA SEBASTIAN LORENTE 769 BARRIOS ALTOS - LIMA CERCADO;LIMA;150101;-12.050325,-77.012703;384
334748;PNP TUPAC AMARU;Secundaria;Pública de gesti¢n directa;AVENIDA SEBASTIAN LORENTE 731 BARRIOS ALTOS - LIMA CERCADO;LIMA;150101;-12.04982,-77.01277;441
336495;NUESTRA SEÑORA DE GUADALUPE;Secundaria;Pública de gesti¢n directa;AVENIDA ALFONSO UGARTE 1227 SANTA BEATRIZ - LIMA CERCADO;LIMA;150101;-12.05502,-77.04175;1176
336511;105 PEDRO CORONADO ARRASCUE;Secundaria;Pública de gesti¢n directa;AVENIDA ALFONSO UGARTE 120 LIMA CERCADO - LIMA CERCADO;LIMA;150101;-12.04086,-77.0443;284
336537;NUESTRA SEÑORA DE MONTSERRAT;Secundaria;Pública de gesti¢n directa;JIRON CONDE DE SUPERUNDA 466 LIMA CERCADO - LIMA CERCADO;LIMA;150101;-12.04277,-77.03447;346
336560;1148 JUANA INFANTES VERA;Secundaria;Pública de gesti¢n directa;BLOCK 52 A UNIDAD VECINAL 3 - LIMA CERCADO;LIMA;150101;-12.05351,-77.08315;335
336594;JUAN PABLO VIZCARDO Y GUZMAN;Secundaria;Pública de gesti¢n directa;AVENIDA NICOLAS DUEÑAS 555 LIMA CERCADO - LIMA CERCADO;LIMA;150101;-12.041475,-77.065068;735
336602;1166 LIBERTADOR SIMON BOLIVAR;Secundaria;Pública de gesti¢n directa;JIRON RAMON CARCAMO 195 CONDE DE LA VEGA BAJA - LIMA CERCADO;LIMA;150101;-12.040281,-77.051309;242
336883;FRAY LUIS DE LEON;Secundaria;Privada;JIRON JUAN OLAECHEA ARNAO 1381 ELIO - LIMA CERCADO;LIMA;150101;-12.05399,-77.07401;101
336990;LIMA SAN CARLOS;Secundaria;Privada;AVENIDA URUGUAY 384-390 CERCADO - LIMA CERCADO;LIMA;150101;-12.05415,-77.03947;15
337030;ASOCIACION COLEGIO MARIA ALVARADO;Secundaria;Privada;AVENIDA 28 DE JULIO 249 CERCADO - LIMA CERCADO;LIMA;150101;-12.06495,-77.04391;333
337238;SAN ANDRES;Secundaria;Privada;AVENIDA PETIT THOUARS 179 SANTA BEATRIZ - LIMA CERCADO;LIMA;150101;-12.06483,-77.03619;280
337253;SANTA ISABEL DE HUNGRIA;Secundaria;Privada;AVENIDA NACIONES UNIDAS 1678 CHACRA RIOS NORTE - LIMA CERCADO;LIMA;150101;-12.05328,-77.06148;217
337287;SANTO TOMAS DE AQUINO;Secundaria;Privada;CALLE RINCONADA DE SANTO DOMINGO 209 LIMA - LIMA CERCADO;LIMA;150101;-12.04303,-77.03274;281
337295;SANTA MARIA REYNA;Secundaria;Privada;JIRON JUNIN 1038 BARRIOS ALTOS - LIMA CERCADO;LIMA;150101;-12.04801,-77.04046;140
337303;SEÑOR DE LA MISERICORDIA;Secundaria;Privada;JIRON JUNIN 1458 BARRIOS ALTOS - LIMA CERCADO;LIMA;150101;-12.05193,-77.01502;352
337568;ARGENTINA;Secundaria;Pública de gesti¢n directa;AVENIDA ALFONSO UGARTE 1011 LIMA - LIMA CERCADO;LIMA;150101;-12.0519,-77.04201;949
337592;25 NUESTRA SEÑORA DE LA INMACULADA CONCEPCION;Secundaria;Pública de gesti¢n directa;JIRON JUNIN 1238 BARRIOS ALTOS - LIMA CERCADO;LIMA;150101;-12.05138,-77.0173;273
337741;022 REPUBLICA DE GUATEMALA;Secundaria;Pública de gesti¢n directa;JIRON MANUEL PARDO 225 BARRIOS ALTOS - LIMA CERCADO;LIMA;150101;-12.04685,-77.01556;259
466383;0035 NUESTRA SEÑORA DE LA VISITACION;Secundaria;Pública de gesti¢n directa;JIRON PACASMAYO 550 LIMA CERCADO - LIMA CERCADO;LIMA;150101;-12.046186,-77.046883;278
466722;SIMON BOLIVAR;Secundaria;Pública de gesti¢n directa;JIRON SANTA JUSTINA S/N PALOMINO - LIMA CERCADO;LIMA;150101;-12.0618,-77.06906;576
476697;NUESTRA SEÑORA DE LAS MERCEDES;Secundaria;Privada;JIRON MAYNAS 540 BARRIOS ALTOS - LIMA CERCADO;LIMA;150101;-12.04846,-77.01722;261
496695;NIÑO JESUS DE PRAGA;Secundaria;Privada;JIRON CONCHUCOS 278 BARRIOS ALTOS - LIMA CERCADO;LIMA;150101;-12.04609,-77.01147;136
501676;1049 JUANA ALARCO DE DAMMERT;Secundaria;Pública de gesti¢n directa;JIRON CUZCO 426 LIMA CERCADO - LIMA CERCADO;LIMA;150101;-12.05116,-77.03003;392
511105;NUESTRA SEÑORA DEL PRADO;Secundaria;Privada;JIRON JUNIN 1411 BARRIOS ALTOS - LIMA CERCADO;LIMA;150101;-12.05183,-77.01496;157
511295;SANTISIMA TRINIDAD;Secundaria;Privada;JIRON HOLANDA 2456 CHACRA RIOS NORTE - LIMA CERCADO;LIMA;150101;-12.05127,-77.0644;562
555847;1037 RAMON ESPINOZA;Secundaria;Pública de gesti¢n directa;JIRON ANCASH 1254 BARRIOS ALTOS - LIMA CERCADO;LIMA;150101;-12.04673,-77.01667;255
556332;103 LUIS ARMANDO CABELLO HURTADO;Secundaria;Pública de gesti¢n directa;PASAJE ALTO DE LA ALIANZA S/N MANZANILLA - LIMA CERCADO;LIMA;150101;-12.05834,-77.01134;364
578310;CESAR VALLEJO;Secundaria;Privada;CALLE MATEO AGUILAR 175-179 MZ 37 LOTE 11 MIRONES BAJO - PARCELA B - LIMA CERCADO;LIMA;150101;-12.03643,-77.07412;241
578336;1160 JOSE FAUSTINO SANCHEZ CARRION;Secundaria;Pública de gesti¢n directa;JIRON REPUBLICA DEL ECUADOR 605 LIMA CERCADO - LIMA CERCADO;LIMA;150101;-12.0427,-77.0561;253
578351;1156 JOSE SEBASTIAN BARRANCA LOVERA;Secundaria;Pública de gesti¢n directa;JIRON HUARANCAYO 168 CONDE DE LA VEGA BAJA - LIMA CERCADO;LIMA;150101;-12.03836,-77.05367;213
578393;1021 REPUBLICA FEDERAL DE ALEMANIA;Secundaria;Pública de gesti¢n directa;AVENIDA BELISARIO SOSA PELAEZ 1550 MATEO SALADO - LIMA CERCADO;LIMA;150101;-12.0644,-77.06369;240
578401;111 SAN JOSE DE ARTESANOS;Secundaria;Pública de gesti¢n directa;JIRON AYACUCHO 179 LIMA CERCADO - LIMA CERCADO;LIMA;150101;-12.04645,-77.02476;154
578435;1146 REPUBLICA DEL PARAGUAY;Secundaria;Pública de gesti¢n directa;AVENIDA EMANCIPACION 731 LIMA CERCADO - LIMA CERCADO;LIMA;150101;-12.04518,-77.03971;385
632471;1001 JOSE JIMENEZ BORJA;Secundaria;Pública de gesti¢n directa;JIRON WASHINGTON 1454 LIMA CERCADO - LIMA CERCADO;LIMA;150101;-12.05908,-77.03922;359
642801;1035 JOSE DEL CARMEN MARIN ARISTA;Secundaria;Pública de gesti¢n directa;AVENIDA NICOLAS DE PIEROLA 1533 LIMA CERCADO - LIMA CERCADO;LIMA;150101;-12.05579,-77.02819;685
644856;INMACULADA VIRGEN DEL TRANSITO;Secundaria;Privada;JIRON HUARI 660 BARRIOS ALTOS - LIMA CERCADO;LIMA;150101;-12.05132,-77.0142;37
644880;0099 OSCAR MIRO QUESADA DE LA GUERRA;Secundaria;Pública de gesti¢n directa;JIRON PARURO 231 BARRIOS ALTOS - LIMA CERCADO;LIMA;150101;-12.04595,-77.02188;130
644914;SEÑOR DE LUREN;Secundaria;Privada;JIRON CRESPO Y CASTILLO 2401 MIRONES BAJOS - LIMA CERCADO;LIMA;150101;-12.03663,-77.07231;128
645093;NUESTRA SEÑORA DE LA MERCED;Secundaria;Privada;JIRON PEREZ DE TUDELA 2474 MIRONES BAJOS - LIMA CERCADO;LIMA;150101;-12.03605,-77.0729;221
739367;NUESTRA SEÑORA DE MONTSERRAT;Secundaria;Privada;JIRON LIMA 653 LIMA CERCADO - LIMA CERCADO;LIMA;150101;-12.042483,-77.036749;771
763771;1157 JULIO CESAR TELLO ROJAS;Secundaria;Pública de gesti¢n directa;AVENIDA JOAQUIN CAPELLO 3110 MIRONES BAJOS - LIMA CERCADO;LIMA;150101;-12.03722,-77.0801;335
763789;VISION MUNDIAL;Secundaria;Pública de gesti¢n directa;CARRETERA VIA EVITAMIENTO KM.4.5 MZ L LOTE 1-2 NUEVA CAJA DE AGUA - LIMA CERCADO;LIMA;150101;-12.0327,-77.0107;133
497081;1028 REPUBLICA ARGENTINA;Secundaria;Pública de gesti¢n directa;JIRON MIROQUESADA 1340 BARRIOS ALTOS - LIMA CERCADO;LIMA;150101;-12.05314,-77.01645;335
825505;SANTA TERESA DE AVILA;Primaria;Privada;AVENIDA PROLONGACION ARICA 2048  - LIMA CERCADO;LIMA;150101;-12.0542,-77.06119;30
825653;1015 REPUBLICA DE ITALIA;Primaria;Pública de gesti¢n directa;AVENIDA VENEZUELA CDRA 27 BLOCK 5 S/N PALOMINO - LIMA CERCADO;LIMA;150101;-12.05946,-77.07164;251
1048750;107 VIRGEN DE LA MEDALLA MILAGROSA;Inicial - Cuna-jardÍn;Pública de gesti¢n directa;JIRON QUILCA 534 LIMA CERCADO - LIMA CERCADO;LIMA;150101;-12.051,-77.04134;94
1048792;0035 NUESTRA SEÑORA DE LA VISITACION;Inicial - JardÍn;Pública de gesti¢n directa;JIRON PACASMAYO 550 LIMA CERCADO - LIMA CERCADO;LIMA;150101;-12.046186,-77.046883;213
1048834;111 ARZOBISPO LOAYZA;Inicial - Cuna-jardÍn;Pública de gesti¢n directa;AVENIDA ALFONSO UGARTE 848 LIMA CERCADO - LIMA CERCADO;LIMA;150101;-12.049455,-77.044792;92
1049758;LAS ESTRELLITAS;Inicial - JardÍn;Privada;JIRON MARIANO DELGADO DE LA FLOR 156 2 DE MAYO - LIMA CERCADO;LIMA;150101;-12.03726,-77.04977;44
1050111;SANTA MARIA DE LOS ANGELES;Inicial - JardÍn;Privada;JIRON CONDESUYOS 536 CONDE DE LA VEGA BAJA - LIMA CERCADO;LIMA;150101;-12.03825,-77.05149;16
1049832;SANTA ISABEL DE LAS AMERICAS;Inicial - JardÍn;Privada;JIRON DIEGO DE LA TORRE 1330 EL PLANETA - LIMA CERCADO;LIMA;150101;-12.03835,-77.06004;3
1049915;JESUS DE NAZARETH DE LIMA;Inicial - JardÍn;Privada;JIRON CRESPO Y CASTILLO 2648 MIRONES BAJOS - LIMA CERCADO;LIMA;150101;-12.03684,-77.07458;0
1049998;CALU;Inicial - JardÍn;Privada;JIRON PEREZ DE TUDELA 2065 MIRONES BAJOS - LIMA CERCADO;LIMA;150101;-12.03597,-77.06875;35
1050038;INTERNACIONAL ELIM;Inicial - JardÍn;Privada;CALLE SANTA FRANCISCA ROMANA 843 -845 ETAPA III PANDO - LIMA CERCADO;LIMA;150101;-12.056921,-77.055711;31
1049055;INMACULADA DE LAS NIEVES;Secundaria;Privada;AVENIDA LUIS BRAILLE 1437 LA TRINIDAD - LIMA CERCADO;LIMA;150101;-12.053,-77.06663;74
1049097;INTERNACIONAL ELIM;Secundaria;Privada;CALLE SANTA FRANCISCA ROMANA 843 -845 ETAPA III PANDO - LIMA CERCADO;LIMA;150101;-12.056921,-77.055711;126
1049337;ELIM;Secundaria;Privada;JIRON PALCA 128 CERCADO - LIMA CERCADO;LIMA;150101;-12.0632,-77.0404;127
1050681;LAS ESTRELLITAS;Primaria;Privada;JIRON MARIANO DELGADO DE LA FLOR 156 2 DE MAYO - LIMA CERCADO;LIMA;150101;-12.03726,-77.04977;143
1050368;SANTA MARIA DE LOS ANGELES;Primaria;Privada;JIRON CONDESUYOS 536 CONDE DE LA VEGA BAJA - LIMA CERCADO;LIMA;150101;-12.03825,-77.05149;53
1049808;JESUS DE NAZARETH DE LIMA;Primaria;Privada;JIRON CRESPO Y CASTILLO 2648 MIRONES BAJOS - LIMA CERCADO;LIMA;150101;-12.03684,-77.07458;64
1050608;INTERNACIONAL ELIM;Primaria;Privada;CALLE SANTA FRANCISCA ROMANA 843 -845 ETAPA III PANDO - LIMA CERCADO;LIMA;150101;-12.056921,-77.055711;118
1049725;SANTA ISABEL DE LAS AMERICAS;Primaria;Privada;JIRON DIEGO DE LA TORRE 1330 EL PLANETA - LIMA CERCADO;LIMA;150101;-12.03835,-77.06004;42
1049493;SANTA ZOILA;Secundaria;Privada;JIRON HUANTA 1011 BARRIOS ALTOS - LIMA CERCADO;LIMA;150101;-12.05392,-77.02327;99
1050566;CALU;Primaria;Privada;JIRON PEREZ DE TUDELA 2065 MIRONES BAJOS - LIMA CERCADO;LIMA;150101;-12.03597,-77.06875;102
1050202;MUNDO NUEVO;Primaria;Privada;JIRON TUPAC AMARU 412 1 DE OCTUBRE - LIMA CERCADO;LIMA;150101;-12.04015,-77.06107;20
1050129;VIRGEN DEL ROSARIO;Primaria;Privada;JIRON ANCASH 1532 BARRIOS ALTOS - LIMA CERCADO;LIMA;150101;-12.04475,-77.01186;18
1050087;SANTA CLARA DE ASIS;Primaria;Privada;JIRON JAUJA 507 BARRIOS ALTOS - LIMA CERCADO;LIMA;150101;-12.04848,-77.02097;128
1050046;EL EDEN;Primaria;Privada;JIRON TNTE ARANCIBIA 106-136 BARRIOS ALTOS - LIMA CERCADO;LIMA;150101;-12.04929,-77.01643;17
1049485;MI PEQUEÑIN;Inicial - Cuna-jardÍn;Privada;JIRON VICTOR CRIADO TEJADA 2896 ELIO - LIMA CERCADO;LIMA;150101;-12.05702,-77.07505;27
1049402;LOS ROBLES;Inicial - JardÍn;Privada;JIRON CARLOS ARRIETA 1249 SANTA BEATRIZ - LIMA CERCADO;LIMA;150101;-12.07668,-77.032;57
1049204;BARCIA BONIFATTI;Inicial - JardÍn;Privada;JIRON PEREZ DE TUDELA 3012-3014 MIRONES BAJO - LIMA CERCADO;LIMA;150101;-12.03759,-77.07919;8
1048768;MY LITTLE STAR;Inicial - JardÍn;Privada;JIRON ABELARDO GAMARRA 1477 ELIO - LIMA CERCADO;LIMA;150101;-12.05495,-77.07378;39
1050319;MUNDO NUEVO;Inicial - JardÍn;Privada;JIRON TUPAC AMARU 412 1 DE OCTUBRE - LIMA CERCADO;LIMA;150101;-12.04015,-77.06107;17
1050236;SANTA CLARA DE ASIS;Inicial - JardÍn;Privada;JIRON JAUJA 507 BARRIOS ALTOS - LIMA CERCADO;LIMA;150101;-12.04848,-77.02097;57
1050194;EL EDEN;Inicial - JardÍn;Privada;JIRON TNTE ARANCIBIA 106-136 BARRIOS ALTOS - LIMA CERCADO;LIMA;150101;-12.04929,-77.01643;4
1049071;SANTA ANA;Primaria;Privada;JIRON PARURO 769 BARRIOS ALTOS - LIMA CERCADO;LIMA;150101;-12.051319,-77.024554;266
1073998;VISION MUNDIAL;Primaria;Pública de gesti¢n directa;CARRETERA VIA EVITAMIENTO KM.4.5 MZ L LOTE 1-2 NUEVA CAJA DE AGUA - LIMA CERCADO;LIMA;150101;-12.0327,-77.0107;167
1072248;ALBERT EINSTEIN;Inicial - JardÍn;Privada;AVENIDA TACNA 293 LIMA CERCADO - LIMA CERCADO;LIMA;150101;-12.0445,-77.03595;...
1072289;VIRGEN DEL ROSARIO;Inicial - JardÍn;Privada;JIRON ANCASH 1532 BARRIOS ALTOS - LIMA CERCADO;LIMA;150101;-12.04475,-77.01186;5
1072362;CARLOTITA;Inicial - JardÍn;Privada;JIRON CONDE DE LA VEGA BAJA 582 - 584 CONDE DE LA VEGA BAJA - LIMA CERCADO;LIMA;150101;-12.03889,-77.05232;27
1072966;CARLOTITA;Primaria;Privada;JIRON CONDE DE LA VEGA BAJA 582 - 584 CONDE DE LA VEGA BAJA - LIMA CERCADO;LIMA;150101;-12.03889,-77.05232;34
1049824;CORAZON DE JESUS;Inicial - JardÍn;Privada;JIRON JOAQUIN CAPELLO 2400 MIRONES BAJOS - LIMA CERCADO;LIMA;150101;-12.03551,-77.07228;9
1072685;1168 HEROES DEL CENEPA;Primaria;Pública de gesti¢n directa;JIRON HUALLAGA 878 BARRIOS ALTOS - LIMA CERCADO;LIMA;150101;-12.05144,-77.02293;602
1072727;1168 HEROES DEL CENEPA;Secundaria;Pública de gesti¢n directa;JIRON HUALLAGA 878 BARRIOS ALTOS - LIMA CERCADO;LIMA;150101;-12.05144,-77.02293;700
1049626;MI BUEN JESUS;Inicial - JardÍn;Privada;AVENIDA ENRIQUE MEIGGS 1532 EL PLANETA - LIMA CERCADO;LIMA;150101;-12.03867,-77.06274;25
747436;112 PEQUEÑOS DE FATIMA;Inicial - JardÍn;Pública de gesti¢n directa;JIRON LAS AZUCENAS 1472 LAS BRISAS AVEP - LIMA CERCADO;LIMA;150101;-12.06315,-77.06569;146
1020460;MARIA MADRE;Inicial - JardÍn;Privada;AVENIDA STA BERNARDITA MZ H LOTE 085 PALOMINO - LIMA CERCADO;LIMA;150101;-12.06063,-77.07515;7
1054022;SAN JOSE Y EL NIÑO JESUS;Inicial - Cuna-jardÍn;Privada;AVENIDA BELISARIO SOSA PELAEZ 1408 CHACRA RIOS SUR - LIMA CERCADO;LIMA;150101;-12.06232,-77.06332;...
1050020;CORAZON DE JESUS;Primaria;Privada;JIRON JOAQUIN CAPELLO 2400 MIRONES BAJOS - LIMA CERCADO;LIMA;150101;-12.03551,-77.07228;46
1098102;JUAN PABLO VIZCARDO Y GUZMAN;Primaria;Pública de gesti¢n directa;AVENIDA NICOLAS DUEÑAS 555 LIMA CERCADO - LIMA CERCADO;LIMA;150101;-12.041475,-77.065068;375
1098425;BARCIA BONIFATTI;Primaria;Privada;JIRON PEREZ DE TUDELA 3012-3014 MIRONES BAJO - LIMA CERCADO;LIMA;150101;-12.03759,-77.07919;100
1098185;VIRGEN DE LA MEDALLA MILAGROSA;Inicial - JardÍn;Privada;JIRON EDUARDO TERRY 1540 PARQUE UNION - LIMA CERCADO;LIMA;150101;-12.04353,-77.0619;25
665174;SAN PABLO;Primaria;Privada;AVENIDA LA ALBORADA 1707 LAS BRISAS AVEP - LIMA CERCADO;LIMA;150101;-12.06664,-77.06723;145
334680;PEDRO GALVEZ EGUSQUIZA;Secundaria;Pública de gesti¢n directa;CALLE EMILIO GARCIA ROSELL 670 LAS BRISAS AVEP - LIMA CERCADO;LIMA;150101;-12.06429,-77.06796;316
830539;DIVINO REDENTOR;Primaria;Privada;AVENIDA LA ALBORADA 1720 LAS CIPRESES AVEP - LIMA CERCADO;LIMA;150101;-12.06639,-77.0675;52
829556;SAN PABLO;Secundaria;Privada;CALLE MARTE 443 LAS BRISAS AVEP - LIMA CERCADO;LIMA;150101;-12.0672,-77.06895;157
829945;CORAZON INMACULADO DE MARIA;Inicial - JardÍn;Privada;AVENIDA SANTA TEODOSIA 333 PANDO - LIMA CERCADO;LIMA;150101;-12.06341,-77.07446;35
1054501;LIBERTAD;Primaria;Privada;CALLE YAPURA 117 - 125 CHACRA COLORADA - BREÑA;BREÑA;150105;-12.05083,-77.0463;72
335232;02 MUNDO DE COLORES;Inicial - JardÍn;Pública de gesti¢n directa;JIRON YAVARI 243-249 CHACRA COLORADA - BREÑA;BREÑA;150105;-12.05164,-77.04826;207
335349;01 SAN JUDAS TADEO;Inicial - JardÍn;Pública de gesti¢n directa;JIRON FEDERICO VILLAREAL 151 SAN LUIS DE GONZAGA - BREÑA;BREÑA;150105;-12.06147,-77.05125;269
335372;03 INMACULADA CONCEPCION;Inicial - JardÍn;Pública de gesti¢n directa;AVENIDA TINGO MARIA 1655  - BREÑA;BREÑA;150105;-12.06462,-77.06007;157
335638;PERUANO CHINO DIEZ DE OCTUBRE;Inicial - JardÍn;Privada;AVENIDA MARIANO CORNEJO 1090  - BREÑA;BREÑA;150105;-12.06687,-77.06068;51
335836;LOS SANTOS APOSTOLES;Inicial - JardÍn;Privada;JIRON NAPO 542 CHACRA COLORADA - BREÑA;BREÑA;150105;-12.05577,-77.05254;54
601088;075 SANTA MARIA DE GUADALUPE;Inicial - JardÍn;Pública de gesti¢n directa;JIRON CHAMAYA 476  - BREÑA;BREÑA;150105;-12.05276,-77.05338;162
664037;JESUS EL BUEN PASTOR;Inicial - JardÍn;Privada;AVENIDA ARICA 1234  - BREÑA;BREÑA;150105;-12.05646,-77.05343;30
664052;LA SAGRADA FAMILIA DE BREÑA;Inicial - JardÍn;Privada;JIRON CARHUAZ 525  - BREÑA;BREÑA;150105;-12.05401,-77.0483;16
665117;GIORDANO BRUNO;Inicial - JardÍn;Privada;AVENIDA BOLIVIA 576  - BREÑA;BREÑA;150105;-12.05625,-77.04352;53
774034;MI PRIMER CAMINO;Inicial - JardÍn;Privada;JIRON AGUAYTIA 178  - BREÑA;BREÑA;150105;-12.06424,-77.05773;13
774067;MI PEQUEÑA CASITA;Inicial - JardÍn;Privada;AVENIDA PUCALLPA 381  - BREÑA;BREÑA;150105;-12.0659,-77.05634;33
774091;CRISTO REY;Inicial - JardÍn;Privada;JIRON IQUIQUE 844  - BREÑA;BREÑA;150105;-12.05874,-77.04333;1
601062;116 SAN PABLO;Inicial - Cuna-jardÍn;Pública de gesti¢n directa;AVENIDA ALFONSO UGARTE 227 - 229 LIMA CERCADO - LIMA CERCADO;LIMA;150101;-12.04209,-77.04295;224
747592;115 INSTITUTO DE SALUD DEL NIÑO;Inicial - Cuna-jardÍn;Pública de gesti¢n directa;AVENIDA BRASIL 660  - BREÑA;BREÑA;150105;-12.06569,-77.04626;77
325787;1014 REP. ORIENTAL DEL URUGUAY;Primaria;Pública de gesti¢n directa;JIRON JORGE CHAVEZ 628  - BREÑA;BREÑA;150105;-12.05614,-77.04789;336
325845;1019 CHAVIN;Primaria;Pública de gesti¢n directa;JIRON CHAVIN 195 BREÑA - BREÑA;BREÑA;150105;-12.052576,-77.04449;259
331108;PERUANO CHINO DIEZ DE OCTUBRE;Primaria;Privada;AVENIDA MARIANO CORNEJO 1090  - BREÑA;BREÑA;150105;-12.06687,-77.06068;372
331199;ESPAÑA;Primaria;Privada;AVENIDA ESPAÑA 617 BREÑA - BREÑA;BREÑA;150105;-12.0583,-77.04345;142
331470;LUZ CASANOVA;Primaria;Privada;JIRON JUSTA GARCIA ROBLEDO 491 AZCONA - BREÑA;BREÑA;150105;-12.06027,-77.05694;207
331488;LA SALLE;Primaria;Privada;AVENIDA ARICA 601 BREÑA - BREÑA;BREÑA;150105;-12.058714,-77.04789;700
331504;LOS SANTOS APOSTOLES;Primaria;Privada;JIRON NAPO 542 CHACRA COLORADA - BREÑA;BREÑA;150105;-12.05577,-77.05254;167
331637;SAN FRANCISCO JAVIER;Primaria;Privada;JIRON RECUAY 760  - BREÑA;BREÑA;150105;-12.05611,-77.05156;189
331819;PATROCINIO DE SAN JOSE;Primaria;Privada;JIRON POMABAMBA 780  - BREÑA;BREÑA;150105;-12.050105,-77.050748;382
332346;SAN FRANCISCO DE SALES;Primaria;Privada;AVENIDA BRASIL 328  - BREÑA;BREÑA;150105;-12.06206,-77.04329;421
334821;0001 MARIA AUXILIADORA;Primaria;Pública de gesti¢n privada;JIRON ISAIAS CLIVIO 237 BARRIOS ALTOS - LIMA CERCADO;LIMA;150101;-12.04671,-77.01373;283
334839;0002 HERMANO ANSELMO MARIA;Primaria;Pública de gesti¢n directa;AVENIDA BOLIVIA 532 CHACRA COLORADA - BREÑA;BREÑA;150105;-12.0562,-77.04272;191
334847;0004 MARIANO MELGAR;Primaria;Pública de gesti¢n directa;JIRON SAN LUIS 246 SAN LUIS - BREÑA;BREÑA;150105;-12.06219,-77.05445;380
334862;0005 ROSA DE SANTA MARIA;Primaria;Pública de gesti¢n directa;JIRON CARHUAZ 326 BREÑA - BREÑA;BREÑA;150105;-12.053427,-77.045407;503
336370;1005 JORGE CHAVEZ DARTNELL;Primaria;Pública de gesti¢n directa;JIRON JORGE CHAVEZ 649 CHACRA COLORADA - BREÑA;BREÑA;150105;-12.05624,-77.04776;345
336438;1008 VIRGEN DE LOURDES;Primaria;Pública de gesti¢n directa;JIRON RECUAY 439  - BREÑA;BREÑA;150105;-12.05584,-77.04707;281
337980;1017 SEÑOR DE LOS MILAGROS;Primaria;Pública de gesti¢n directa;JIRON NAPO 1129 AZCONA - BREÑA;BREÑA;150105;-12.06122,-77.05545;374
497172;SANTA MARIA DE BREÑA;Primaria;Privada;JIRON PEDRO RUIZ 122  - BREÑA;BREÑA;150105;-12.06972,-77.05016;452
664045;JESUS EL BUEN PASTOR;Primaria;Privada;AVENIDA ARICA 1234  - BREÑA;BREÑA;150105;-12.05646,-77.05343;85
665125;GIORDANO BRUNO;Primaria;Privada;AVENIDA BOLIVIA 576  - BREÑA;BREÑA;150105;-12.05625,-77.04352;169
774364;CRISTO REY;Primaria;Privada;JIRON IQUIQUE 844  - BREÑA;BREÑA;150105;-12.05874,-77.04333;1
334664;MARIANO MELGAR;Secundaria;Pública de gesti¢n directa;PASAJE MARIANO MELGAR CUADRA 12 S/N  - BREÑA;BREÑA;150105;-12.0599,-77.05371;1216
334714;MICAELA BASTIDAS;Secundaria;Pública de gesti¢n directa;JIRON RESTAURACION S/N  - BREÑA;BREÑA;150105;-12.06162,-77.05248;156
334722;0005 ROSA DE SANTA MARIA;Secundaria;Pública de gesti¢n directa;JIRON CARHUAZ 326 BREÑA - BREÑA;BREÑA;150105;-12.053427,-77.045407;865
336792;PERUANO CHINO DIEZ DE OCTUBRE;Secundaria;Privada;AVENIDA MARIANO CORNEJO 1090  - BREÑA;BREÑA;150105;-12.06687,-77.06068;338
336982;LA SALLE;Secundaria;Privada;AVENIDA ARICA 601 BREÑA - BREÑA;BREÑA;150105;-12.058714,-77.04789;565
337014;MARIA DE LA PROVIDENCIA;Secundaria;Privada;JIRON CENTENARIO 1075  - BREÑA;BREÑA;150105;-12.06029,-77.05591;140
337105;MARIA AUXILIADORA;Secundaria;Privada;JIRON SANTA MARIA MAZZARELLO (OLMEDO) 120 NOSIGLIA - BREÑA;BREÑA;150105;-12.06274,-77.04491;323
337121;SAN FRANCISCO JAVIER;Secundaria;Privada;JIRON RECUAY 760  - BREÑA;BREÑA;150105;-12.05611,-77.05156;178
337162;PATROCINIO DE SAN JOSE;Secundaria;Privada;JIRON POMABAMBA 780  - BREÑA;BREÑA;150105;-12.050105,-77.050748;372
337311;SAN FRANCISCO DE SALES;Secundaria;Privada;AVENIDA BRASIL 328  - BREÑA;BREÑA;150105;-12.06206,-77.04329;526
466730;0001 MARIA AUXILIADORA;Secundaria;Pública de gesti¢n privada;JIRON ISAIAS CLIVIO 237 BARRIOS ALTOS - LIMA CERCADO;LIMA;150101;-12.04671,-77.01373;250
497198;SANTA MARIA DE BREÑA;Secundaria;Privada;JIRON PEDRO RUIZ 122  - BREÑA;BREÑA;150105;-12.06972,-77.05016;524
518944;LUZ CASANOVA;Secundaria;Privada;JIRON JUSTA GARCIA ROBLEDO 491 AZCONA - BREÑA;BREÑA;150105;-12.06027,-77.05694;158
556266;0002 HERMANO ANSELMO MARIA;Secundaria;Pública de gesti¢n directa;AVENIDA BOLIVIA 532 CHACRA COLORADA - BREÑA;BREÑA;150105;-12.0562,-77.04272;287
665083;JESUS EL BUEN PASTOR;Secundaria;Privada;AVENIDA ARICA 1234  - BREÑA;BREÑA;150105;-12.05646,-77.05343;118
764589;ESPAÑA;Secundaria;Privada;AVENIDA ESPAÑA 617 BREÑA - BREÑA;BREÑA;150105;-12.0583,-77.04345;129
825752;1006 MARISCAL ANDRES AVELINO CACERES;Primaria;Pública de gesti¢n directa;JIRON RECUAY 271 CHACRA COLORADA - BREÑA;BREÑA;150105;-12.05563,-77.0446;318
824870;ALFONSO UGARTE;Primaria;Privada;JIRON BREÑA 260  - BREÑA;BREÑA;150105;-12.05929,-77.04265;23
824904;LA SAGRADA FAMILIA DE BREÑA;Primaria;Privada;JIRON CARHUAZ 525  - BREÑA;BREÑA;150105;-12.05401,-77.0483;38
825695;MARIA DE LA PROVIDENCIA;Primaria;Privada;JIRON CENTENARIO 1075  - BREÑA;BREÑA;150105;-12.06029,-77.05591;132
827717;EVELYN Y MARTIN;Inicial - JardÍn;Privada;JIRON NAPO 113  - BREÑA;BREÑA;150105;-12.05139,-77.0523;49
1020510;MI PRIMER PASO;Inicial - JardÍn;Privada;JIRON PEDRO RUIZ GALLO 378  - BREÑA;BREÑA;150105;-12.06765,-77.05273;19
827626;MIS AÑOS INOLVIDABLES;Inicial - JardÍn;Privada;JIRON CENTENARIO 357 VINCHOTA - BREÑA;BREÑA;150105;-12.06502,-77.05017;41
1020403;MIS AÑOS INOLVIDABLES;Primaria;Privada;JIRON CENTENARIO 357 VINCHOTA - BREÑA;BREÑA;150105;-12.06502,-77.05017;122
1020429;LOS SANTOS APOSTOLES;Secundaria;Privada;JIRON NAPO 542 CHACRA COLORADA - BREÑA;BREÑA;150105;-12.05577,-77.05254;120
828046;GIORDANO BRUNO;Secundaria;Privada;AVENIDA BOLIVIA 576  - BREÑA;BREÑA;150105;-12.05625,-77.04352;142
826974;ALFONSO UGARTE;Secundaria;Privada;JIRON BREÑA 260  - BREÑA;BREÑA;150105;-12.05929,-77.04265;29
827097;HERMANO NOE ZEVALLOS ORTEGA;Primaria;Privada;AVENIDA ARICA 601 BREÑA - BREÑA;BREÑA;150105;-12.058714,-77.04789;190
827121;HERMANO NOE ZEVALLOS ORTEGA;Secundaria;Privada;AVENIDA ARICA 601 BREÑA - BREÑA;BREÑA;150105;-12.058714,-77.04789;202
827956;CRISTO REY;Secundaria;Privada;JIRON IQUIQUE 844  - BREÑA;BREÑA;150105;-12.05874,-77.04333;1
828137;SANTISIMO SEÑOR DE LUREN;Primaria;Privada;JIRON CASTROVIRREYNA 458  - BREÑA;BREÑA;150105;-12.06608,-77.05271;0
903435;SANTISIMO SEÑOR DE LUREN;Inicial - JardÍn;Privada;JIRON CASTROVIRREYNA 458  - BREÑA;BREÑA;150105;-12.06608,-77.05271;39
903559;ALBERT EINSTEIN;Inicial - JardÍn;Privada;JIRON PORTUGAL 285-287 BREÑA - BREÑA;BREÑA;150105;-12.05744,-77.04417;123
903583;ALBERT EINSTEIN;Primaria;Privada;JIRON PORTUGAL 285-287 BREÑA - BREÑA;BREÑA;150105;-12.05744,-77.04417;1
1053867;HANS CHRISTIAN ANDERSEN;Inicial - JardÍn;Privada;AVENIDA BOLIVIA 755  - BREÑA;BREÑA;150105;-12.05671,-77.04563;64
1053909;HANS CHRISTIAN ANDERSEN;Primaria;Privada;AVENIDA BOLIVIA 755  - BREÑA;BREÑA;150105;-12.05671,-77.04563;214
1054188;SEMILLITAS DEL SABER;Inicial - JardÍn;Privada;AVENIDA TINGO MARIA 1141  - BREÑA;BREÑA;150105;-12.05751,-77.05781;12
1053941;TRECE DE MAYO;Inicial - JardÍn;Privada;JIRON PARIACOTO 649  - BREÑA;BREÑA;150105;-12.05243,-77.05007;18
1021682;ALBERT EINSTEIN;Secundaria;Privada;JIRON PORTUGAL 285-287 BREÑA - BREÑA;BREÑA;150105;-12.05744,-77.04417;137
315895;LITTLE DALTON;Inicial - JardÍn;Privada;AVENIDA PETIT THOUARS 1829 LIMA CERCADO - LINCE;LINCE;150116;-12.0826,-77.03341;98
316679;SAN TARCISIO;Inicial - JardÍn;Privada;JIRON MAMA OCLLO 1860 SAN EUGENIO - LINCE;LINCE;150116;-12.084432,-77.044289;3
316828;SANTA BEATRIZ;Inicial - Cuna-jardÍn;Privada;JIRON BELISARIO FLORES 339  - LINCE;LINCE;150116;-12.08202,-77.03868;224
521468;MICAELA BASTIDAS DE CONDORCANQUI;Inicial - JardÍn;Pública de gesti¢n directa;JIRON PEZET Y MONEL 2074  - LINCE;LINCE;150116;-12.08644,-77.04226;48
782474;ALBORADA;Inicial - Cuna-jardÍn;Privada;JIRON MANUEL CANDAMO 253  - LINCE;LINCE;150116;-12.08228,-77.03414;23
246249;SAN TARCISIO;Primaria;Privada;JIRON MAMA OCLLO 1860 SAN EUGENIO - LINCE;LINCE;150116;-12.084432,-77.044289;64
317933;1070 MELITON CARVAJAL;Primaria;Pública de gesti¢n directa;AVENIDA LEONIDAS YEROVI 2120  - LINCE;LINCE;150116;-12.08481,-77.02604;854
319582;DALTON;Primaria;Privada;AVENIDA PETIT THOUARS 1845  - LINCE;LINCE;150116;-12.0827,-77.03346;271
319665;SACO OLIVEROS DE LINCE;Primaria;Privada;JIRON GRAL CORDOVA 1601  - LINCE;LINCE;150116;-12.08139,-77.03829;278
320069;MI HOGAR Y ESCUELA;Primaria;Privada;JIRON BRIG PUMACAHUA 2250  - LINCE;LINCE;150116;-12.08426,-77.04375;182
320127;MICAELA BASTIDAS DE CONDORCANQUI;Primaria;Pública de gesti¢n directa;JIRON PEZET Y MONEL 2074  - LINCE;LINCE;150116;-12.08644,-77.04226;134
340273;SANTA ROSA DE LIMA;Primaria;Privada;JIRON JOAQUIN BERNAL 650  - LINCE;LINCE;150116;-12.087214,-77.038986;411
639104;ALBERTO BENJAMIN SIMPSON;Primaria;Privada;AVENIDA AREQUIPA 2335  - LINCE;LINCE;150116;-12.08747,-77.03383;183
729756;CHRISTA MC AULIFFE;Primaria;Privada;JIRON PACHACUTEC 2169  - LINCE;LINCE;150116;-12.08359,-77.04572;44
245647;1070 MELITON CARVAJAL;Secundaria;Pública de gesti¢n directa;AVENIDA LEONIDAS YEROVI 2120  - LINCE;LINCE;150116;-12.08481,-77.02604;1006
340588;DALTON;Secundaria;Privada;AVENIDA PETIT THOUARS 1845  - LINCE;LINCE;150116;-12.0827,-77.03346;213
340612;SACO OLIVEROS DE LINCE;Secundaria;Privada;JIRON GRAL CORDOVA 1601  - LINCE;LINCE;150116;-12.08139,-77.03829;380
343533;MI HOGAR Y ESCUELA;Secundaria;Privada;JIRON BRIG PUMACAHUA 2250  - LINCE;LINCE;150116;-12.08426,-77.04375;136
449462;SANTA ROSA DE LIMA;Secundaria;Privada;JIRON JOAQUIN BERNAL 650  - LINCE;LINCE;150116;-12.087214,-77.038986;321
644690;REPUBLICA DE CHILE;Secundaria;Pública de gesti¢n directa;JIRON RISSO 477 RISSO - LINCE;LINCE;150116;-12.0852,-77.03147;318
648816;JESUALDO;Secundaria;Privada;CALLE MANCO SEGUNDO 2137  - LINCE;LINCE;150116;-12.08335,-77.04636;60
760447;CHRISTA MC AULIFFE;Secundaria;Privada;JIRON PACHACUTEC 2169  - LINCE;LINCE;150116;-12.08359,-77.04572;38
689505;SAINT PATRICK;Inicial - Cuna-jardÍn;Privada;JIRON TNTE ARISTIDES DEL CARPIO 1625 LAS CIPRESES AVEP - LIMA CERCADO;LIMA;150101;-12.05636,-77.07814;...
826347;GOTITA DE CIELO;Inicial - JardÍn;Privada;JIRON PEZET Y MONELL 2184  - LINCE;LINCE;150116;-12.08748,-77.04207;...
826677;ALBERT EINSTEIN;Primaria;Privada;JIRON CORONEL MANUEL GOMEZ 177  - LINCE;LINCE;150116;-12.08112,-77.0371;166
826859;ALBERT EINSTEIN;Secundaria;Privada;AVENIDA MILITAR 1886  - LINCE;LINCE;150116;-12.08298,-77.03166;140
826982;ALBERTO BENJAMIN SIMPSON;Secundaria;Privada;AVENIDA AREQUIPA 2335  - LINCE;LINCE;150116;-12.08747,-77.03383;190
902320;DIVINA TRINIDAD;Inicial - JardÍn;Privada;AVENIDA IGNACIO MERINO 1862  - LINCE;LINCE;150116;-12.08288,-77.03279;23
902411;ALBERTO BENJAMIN SIMPSON;Inicial - JardÍn;Privada;AVENIDA AREQUIPA 2335  - LINCE;LINCE;150116;-12.08747,-77.03383;36
1073071;ALBORADA;Primaria;Privada;JIRON MANUEL CANDAMO 253  - LINCE;LINCE;150116;-12.08228,-77.03414;63
915710;MARIA INMACULADA;Primaria;Privada;AVENIDA CANEVARO 742  - LINCE;LINCE;150116;-12.08434,-77.04093;1
915538;1070 MELITON CARVAJAL;Inicial - JardÍn;Pública de gesti¢n directa;AVENIDA LEONIDAS YEROVI 2120  - LINCE;LINCE;150116;-12.08481,-77.02604;248
1072008;MARIA INMACULADA;Inicial - JardÍn;Privada;AVENIDA CANEVARO 742  - LINCE;LINCE;150116;-12.08434,-77.04093;7
1072040;APLICACION SAN MARCOS;Secundaria;Pública de gesti¢n directa;JIRON CAPAC YUPANQUI 1700  - LINCE;LINCE;150116;-12.08309,-77.042;220
902866;ARCO IRIS;Inicial - JardÍn;Privada;CALLE JUAN BIELOVUCIC 1399  - LINCE;LINCE;150116;-12.08901,-77.04553;23
902924;ALBERT EINSTEIN;Inicial - JardÍn;Privada;JIRON CORONEL MANUEL GOMEZ 177  - LINCE;LINCE;150116;-12.08112,-77.0371;42
1097781;HANS CHRISTIAN ANDERSEN;Secundaria;Privada;AVENIDA BOLIVIA 755  - BREÑA;BREÑA;150105;-12.05671,-77.04563;152
1098250;JESUS DIVINO CREADOR;Secundaria;Privada;JIRON CARHUAZ 1443 CHACRA COLORADA - BREÑA;BREÑA;150105;-12.05464,-77.0565;98
331611;MARIA AUXILIADORA;Primaria;Privada;JIRON SANTA MARIA MAZZARELLO (OLMEDO) 120 NOSIGLIA - BREÑA;BREÑA;150105;-12.06274,-77.04491;355
337279;SANTISIMO SALVADOR;Secundaria;Privada;JIRON ANCASH 880 BARRIOS ALTOS - LIMA CERCADO;LIMA;150101;-12.04765,-77.022;97
1048990;1154 NUESTRA SEÑORA DEL CARMEN;Secundaria;Pública de gesti¢n directa;JIRON ELVIRA GARCIA Y GARCIA S/N MIRONES - LIMA CERCADO;LIMA;150101;-12.0526,-77.06866;365
466169;ESPAÑA;Inicial - JardÍn;Privada;AVENIDA ESPAÑA 617 BREÑA - BREÑA;BREÑA;150105;-12.0583,-77.04345;6
336339;1003 REPUBLICA DE COLOMBIA;Primaria;Pública de gesti¢n directa;JIRON CHAMAYA 422 CHACRA COLORADA - BREÑA;BREÑA;150105;-12.05244,-77.05322;156
510396;1003 REPUBLICA DE COLOMBIA;Secundaria;Pública de gesti¢n directa;JIRON CHAMAYA 422 CHACRA COLORADA - BREÑA;BREÑA;150105;-12.05244,-77.05322;133
826941;SANTISIMO SEÑOR DE LUREN;Secundaria;Privada;JIRON CASTROVIRREYNA 458  - BREÑA;BREÑA;150105;-12.06608,-77.05271;110
729723;TRINIDAD;Inicial - JardÍn;Privada;JIRON GENERAL CORDOVA 2428  - LINCE;LINCE;150116;-12.08856,-77.03754;21
340281;1057 JOSE BAQUIJANO Y CARRILLO;Secundaria;Pública de gesti¢n directa;JIRON MANUEL GOMEZ 651  - LINCE;LINCE;150116;-12.08181,-77.0414;545
915504;1057 JOSE BAQUIJANO Y CARRILLO;Primaria;Pública de gesti¢n directa;JIRON MANUEL GOMEZ 651  - LINCE;LINCE;150116;-12.08181,-77.0414;311
1099738;SANTA MARIA DEL CARMEN;Primaria;Privada;JIRON LEON VELARDE 451  - LINCE;LINCE;150116;-12.08333,-77.03973;1
1097500;MI HOGAR Y ESCUELA;Inicial - JardÍn;Privada;JIRON BRIG PUMACAHUA 2250  - LINCE;LINCE;150116;-12.08426,-77.04375;46
1099696;SANTA MARIA DEL CARMEN;Inicial - JardÍn;Privada;JIRON LEON VELARDE 451  - LINCE;LINCE;150116;-12.08333,-77.03973;148
336545;VIRGO POTENS;Secundaria;Pública de gesti¢n privada;JIRON PUNO 1731 BARRIOS ALTOS - LIMA CERCADO;LIMA;150101;-12.055,-77.01568;954
1098946;MARIA REINA DE LA PAZ;Primaria;Privada;AVENIDA ALMIRANTE GUISSE 2670 LINCE - LINCE;LINCE;150116;-12.09069,-77.03816;...
1169929;ASOCIACION COLEGIO MARIA ALVARADO;Inicial - JardÍn;Privada;AVENIDA 28 DE JULIO 249 CERCADO - LIMA CERCADO;LIMA;150101;-12.06495,-77.04391;119
1168590;MI BUEN JESUS;Primaria;Privada;AVENIDA ENRIQUE MEIGGS 1532 EL PLANETA - LIMA CERCADO;LIMA;150101;-12.03867,-77.06274;89
1169127;1145 REPUBLICA DE VENEZUELA;Inicial - JardÍn;Pública de gesti¢n directa;JIRON CALLAO 773 LIMA CERCADO - LIMA CERCADO;LIMA;150101;-12.04199,-77.03806;44
1169846;ELIM;Inicial - JardÍn;Privada;JIRON PALCA 128 CERCADO - LIMA CERCADO;LIMA;150101;-12.0632,-77.0404;38
1168921;INGENIERO JORGE CABRERA TAPIA;Primaria;Privada;JIRON NATALIO SANCHEZ 175 SANTA BEATRIZ - LIMA CERCADO;LIMA;150101;-12.07049,-77.03755;...
1169390;INGENIERO JORGE CABRERA TAPIA;Secundaria;Privada;JIRON NATALIO SANCHEZ 175 SANTA BEATRIZ - LIMA CERCADO;LIMA;150101;-12.07049,-77.03755;...
1049030;SANTISIMA TRINIDAD;Inicial - JardÍn;Privada;JIRON HOLANDA 2456 CHACRA RIOS NORTE - LIMA CERCADO;LIMA;150101;-12.05127,-77.0644;123
1169481;CORAZON INMACULADO DE MARIA;Primaria;Privada;AVENIDA SANTA TEODOSIA 333 PANDO - LIMA CERCADO;LIMA;150101;-12.06341,-77.07446;121
1169168;DIVINO REDENTOR;Secundaria;Privada;AVENIDA LA ALBORADA 1720 LAS CIPRESES AVEP - LIMA CERCADO;LIMA;150101;-12.06639,-77.0675;59
1098904;MARIA REINA DE LA PAZ;Inicial - JardÍn;Privada;AVENIDA ALMIRANTE GUISSE 2670 LINCE - LINCE;LINCE;150116;-12.09069,-77.03816;...
1098987;MARIA REINA DE LA PAZ;Secundaria;Privada;AVENIDA ALMIRANTE GUISSE 2670 LINCE - LINCE;LINCE;150116;-12.09069,-77.03816;0
760439;MICAELA BASTIDAS DE CONDORCANQUI;Secundaria;Pública de gesti¢n directa;JIRON PEZET Y MONEL 2074  - LINCE;LINCE;150116;-12.08644,-77.04226;148
1169515;FRIEDRICH GAUSS;Primaria;Privada;JIRON JOAQUIN CAPELLO 3201 MIRONES BAJOS - LIMA CERCADO;LIMA;150101;-12.037282,-77.080767;37
561969;NUESTRA SEÑORA DE LA MERCED;Inicial - JardÍn;Privada;AVENIDA NICOLAS DUEÑAS 267 SAN FERNANDO - LIMA CERCADO;LIMA;150101;-12.03737,-77.06633;42
1098227;VIRGEN DE LA MEDALLA MILAGROSA;Primaria;Privada;JIRON EDUARDO TERRY 1540 PARQUE UNION - LIMA CERCADO;LIMA;150101;-12.04353,-77.0619;3
1098938;DIVINA TRINIDAD;Primaria;Privada;AVENIDA IGNACIO MERINO 1862  - LINCE;LINCE;150116;-12.08288,-77.03279;103
1099142;DIVINA TRINIDAD;Secundaria;Privada;AVENIDA IGNACIO MERINO 1862  - LINCE;LINCE;150116;-12.08288,-77.03279;64
1235746;GOTITA DE CIELO;Primaria;Privada;JIRON PEZET Y MONELL 2184  - LINCE;LINCE;150116;-12.08748,-77.04207;...
1235860;FRANCISCO COLL;Primaria;Privada;CALLE ARISTIDES DEL CARPIO 1164 LAS CIPRESES AVEP - LIMA CERCADO;LIMA;150101;-12.05077,-77.07661;123
1240308;SANTA TERESITA DEL INSTITUTO MATERNO PERINATAL;Inicial - Cuna-jardÍn;Pública de gesti¢n directa;JIRON CANGALLO 550 BARRIOS ALTOS - LIMA CERCADO;LIMA;150101;-12.05299,-77.02197;18
1240423;BHONNER;Secundaria;Privada;AVENIDA CESAR CANEVARO 978  - LINCE;LINCE;150116;-12.08464,-77.04338;29
1240340;JHON ROCKEFELLER;Inicial - Cuna-jardÍn;Privada;JIRON MORONA 265  - BREÑA;BREÑA;150105;-12.05129,-77.05092;156
632620;MIGUEL ANGEL;Inicial - JardÍn;Privada;JIRON SANTA AURELIA 308 PANDO - LIMA CERCADO;LIMA;150101;-12.06383,-77.07625;24
1235183;MARIA DE LAS NIEVES;Inicial - JardÍn;Privada;AVENIDA MORALES DUAREZ 2753 MIRONES BAJOS - LIMA CERCADO;LIMA;150101;-12.03568,-77.07582;14
1240464;SAN JUAN MASIAS;Inicial - JardÍn;Privada;JIRON MARIANO MORENO 187  - BREÑA;BREÑA;150105;-12.05591,-77.05087;7
496323;SEÑOR DE LUREN;Inicial - JardÍn;Privada;JIRON CRESPO Y CASTILLO 2401 MIRONES BAJOS - LIMA CERCADO;LIMA;150101;-12.03663,-77.07231;21
1048875;1032 REPUBLICA DEL BRASIL;Inicial - JardÍn;Pública de gesti¢n directa;JIRON CANGALLO 731 BARRIOS ALTOS - LIMA CERCADO;LIMA;150101;-12.05586,-77.02194;29
647917;NUESTRA SEÑORA DEL BUEN CONSEJO;Inicial - Cuna-jardÍn;Privada;JIRON POMABAMBA 612  - BREÑA;BREÑA;150105;-12.05119,-77.04844;72
1241389;MI KUKULI;Inicial - JardÍn;Privada;JIRON LEON VELARDE 743  - LINCE;LINCE;150116;-12.08365,-77.04235;7
1241942;LA SORBONA;Primaria;Privada;AVENIDA 9 DE DICIEMBRE 390 CERCADO - LIMA CERCADO;LIMA;150101;-12.05985,-77.03998;50
1241983;LA SORBONA;Secundaria;Privada;AVENIDA 9 DE DICIEMBRE 390 CERCADO - LIMA CERCADO;LIMA;150101;-12.05985,-77.03998;52
1242189;LA SALLE;Inicial - JardÍn;Privada;AVENIDA ARICA 601 BREÑA - BREÑA;BREÑA;150105;-12.058714,-77.04789;153
1242221;SAN ANDRES;Inicial - JardÍn;Privada;AVENIDA PETIT THOUARS 179 SANTA BEATRIZ - LIMA CERCADO;LIMA;150101;-12.06483,-77.03619;37
1242387;SAN JUAN MASIAS;Primaria;Privada;JIRON MARIANO MORENO 187  - BREÑA;BREÑA;150105;-12.05591,-77.05087;14
1242437;SACO OLIVEROS DE SANTA BEATRIZ;Secundaria;Privada;AVENIDA AREQUIPA 1268 SANTA BEATRIZ - LIMA CERCADO;LIMA;150101;-12.07745,-77.03566;344
1242510;0095 MARIA AUXILIADORA;Secundaria;Pública de gesti¢n directa;AVENIDA MATERIALES 2005 PALERMO - LIMA CERCADO;LIMA;150101;-12.04113,-77.06812;235
1243476;HONORES DE BREÑA;Secundaria;Privada;JIRON HUANCABAMBA 1120  - BREÑA;BREÑA;150105;-12.059602,-77.052108;84
1243518;SANTISIMO SALVADOR;Inicial - JardÍn;Privada;JIRON ANCASH 880 BARRIOS ALTOS - LIMA CERCADO;LIMA;150101;-12.04765,-77.022;40
1243872;SANTA MARIA DE LIMA;Inicial - JardÍn;Privada;CALLE MARIA PARADO DE BELLIDO MZ G2 LOTE 39 1 DE OCTUBRE - LIMA CERCADO;LIMA;150101;-12.03928,-77.06267;74
1243914;SANTA MARIA DE LIMA;Primaria;Privada;CALLE MARIA PARADO DE BELLIDO MZ G2 LOTE 39 1 DE OCTUBRE - LIMA CERCADO;LIMA;150101;-12.03928,-77.06267;22
644799;LA CATOLICA;Secundaria;Privada;JIRON UCAYALI 235 LIMA CERCADO - LIMA CERCADO;LIMA;150101;-12.04786,-77.03078;21
1234582;SANTA MARIA DE BREÑA;Inicial - JardÍn;Privada;JIRON PEDRO RUIZ 122  - BREÑA;BREÑA;150105;-12.06972,-77.05016;100
1243310;SANTISIMA VIRGEN DEL ROSARIO DE YAUCA;Inicial - JardÍn;Privada;JIRON JOSE EUGENIO PAREDES 2575 ELIO - LIMA CERCADO;LIMA;150101;-12.0512,-77.07221;...
1198449;NIÑO JESUS DE PRAGA;Inicial - JardÍn;Privada;JIRON CONCHUCOS 278 BARRIOS ALTOS - LIMA CERCADO;LIMA;150101;-12.04609,-77.01147;20
1488717;SANTA ISABEL DE HUNGRIA;Inicial - JardÍn;Privada;AVENIDA NACIONES UNIDAS 1678 CHACRA RIOS NORTE - LIMA CERCADO;LIMA;150101;-12.05328,-77.06148;12
1488733;SAN PATRICIO;Inicial - JardÍn;Privada;CALLE CARLOS REVOLLEDO 1036 ROMA - LIMA CERCADO;LIMA;150101;-12.04853,-77.07633;10
744698;HONORES;Inicial - JardÍn;Privada;AVENIDA BOLIVIA 724  - BREÑA;BREÑA;150105;-12.056422,-77.045538;24
883652;HONORES;Primaria;Privada;AVENIDA BOLIVIA 724  - BREÑA;BREÑA;150105;-12.056422,-77.045538;89
1488774;REMAR;Inicial - JardÍn;Privada;JIRON CAMANA 963 CERCADO - LIMA CERCADO;LIMA;150101;-12.05242,-77.03709;21
1488832;HIJOS DE MARIA;Inicial - Cuna-jardÍn;Privada;AVENIDA PETIT THOUARS 1547  - LINCE;LINCE;150116;-12.07997,-77.03386;47
1489053;NUESTRA SEÑORA DE COCHARCAS;Secundaria;Privada;JIRON HUANUCO 942 ALTOS - LIMA CERCADO;LIMA;150101;-12.05531,-77.01851;165
1489061;LOS ROBLES;Primaria;Privada;JIRON CARLOS ARRIETA 1249 SANTA BEATRIZ - LIMA CERCADO;LIMA;150101;-12.07668,-77.032;120
1098268;DIVINO JESUS;Inicial - JardÍn;Privada;AVENIDA PROLONGACION ARICA 1957 CHACRA RIOS NORTE - LIMA CERCADO;LIMA;150101;-12.0548,-77.06022;...
1489145;JESUS SUBLIME MAESTRO;Inicial - JardÍn;Privada;JIRON MONSEFU 636 PARQUE UNION - LIMA CERCADO;LIMA;150101;-12.04255,-77.06151;13
1489152;MARIA DE LAS NIEVES;Primaria;Privada;AVENIDA MORALES DUAREZ 2753 MIRONES BAJOS - LIMA CERCADO;LIMA;150101;-12.03568,-77.07582;75
1198647;CARMELITAS;Inicial - JardÍn;Privada;CALLE SANTA PAULA 579 PANDO - LIMA CERCADO;LIMA;150101;-12.0646,-77.0771;...
605683;077 MANZANILLA;Inicial - Cuna-jardÍn;Pública de gesti¢n directa;AVENIDA NICOLAS AYLLON CDRA 3 S/N MANZANILLA - LIMA CERCADO;LIMA;150101;-12.05753,-77.01097;232
315507;005 JESUSITO MILAGROSO;Inicial - JardÍn;Pública de gesti¢n directa;AVENIDA MILITAR 1868  - LINCE;LINCE;150116;-12.08276,-77.03167;309
317750;1059 MARIA INMACULADA;Primaria;Pública de gesti¢n directa;AVENIDA MILITAR 1862  - LINCE;LINCE;150116;-12.0827,-77.03168;622
1198688;MEDALLITA MILAGROSA;Inicial - JardÍn;Privada;PASAJE ISABEL FLORES DE OLIVA 145 MIRONES ALTOS - LIMA CERCADO;LIMA;150101;-12.03591,-77.06489;39
1489251;BHONNER;Primaria;Privada;AVENIDA CESAR CANEVARO 978  - LINCE;LINCE;150116;-12.08464,-77.04338;18
1489301;SACO OLIVEROS;Inicial - JardÍn;Privada;JIRON TEODORO CARDENAS 457 SANTA BEATRIZ - LIMA CERCADO;LIMA;150101;-12.07729,-77.0331;...
1489319;SACO OLIVEROS;Primaria;Privada;JIRON TEODORO CARDENAS 457 SANTA BEATRIZ - LIMA CERCADO;LIMA;150101;-12.07729,-77.0331;374
1489327;SACO OLIVEROS;Secundaria;Privada;JIRON TEODORO CARDENAS 457 SANTA BEATRIZ - LIMA CERCADO;LIMA;150101;-12.07729,-77.0331;551
1489541;REMAR;Primaria;Privada;JIRON CAMANA 963 CERCADO - LIMA CERCADO;LIMA;150101;-12.05242,-77.03709;62
1489640;JESUS DE NAZARETH DE LIMA;Secundaria;Privada;JIRON CRESPO Y CASTILLO 2648 MIRONES BAJOS - LIMA CERCADO;LIMA;150101;-12.03684,-77.07458;0
1489665;TRILCE DE ROMA;Secundaria;Privada;CALLE EMILIO FERNANDEZ 641 - 649 SANTA BEATRIZ - LIMA CERCADO;LIMA;150101;-12.07279,-77.03221;626
1489673;FRIEDRICH GAUSS;Secundaria;Privada;JIRON JOAQUIN CAPELLO 3201 MIRONES BAJOS - LIMA CERCADO;LIMA;150101;-12.037282,-77.080767;56
1489764;HOGAR DE NAZARETH;Inicial - JardÍn;Privada;AVENIDA VENEZUELA CDRA 28 S/N PALOMINO - LIMA CERCADO;LIMA;150101;-12.05942,-77.0721;33
1489822;TRILCE DE BREÑA;Secundaria;Privada;JIRON ZORRITOS 159  - BREÑA;BREÑA;150105;-12.05085,-77.04339;831
1490051;SUEÑOS DE NIÑO;Inicial - JardÍn;Privada;JIRON PEDRO DAVALOS LISSON 154  - LIMA CERCADO;LIMA;150101;-12.05151,-77.03947;21
1489194;NUESTRA SEÑORA DEL BUEN CONSEJO;Primaria;Privada;JIRON POMABAMBA 612  - BREÑA;BREÑA;150105;-12.05119,-77.04844;324
1490085;PRIMEROS TRAZOS;Inicial - JardÍn;Privada;JIRON FRANCISCO MOREYRA Y RIGLOS 318 MARISCAL BENAVIDES - LIMA CERCADO;LIMA;150101;-12.05288,-77.07844;27
1490093;VIRGEN DE MEDJUGORJE;Inicial - JardÍn;Privada;JIRON CARLOS LARRABURE Y CORREA 2591 LAS CIPRESES AVEP - LIMA CERCADO;LIMA;150101;-12.05281,-77.07565;39
1490127;JESUS REPARADOR;Secundaria;Privada;JIRON CUZCO 723 BARRIOS ALTOS - LIMA CERCADO;LIMA;150101;-12.053,-77.02635;163
1490168;DANTE ALIGHIERI;Inicial - JardÍn;Privada;AVENIDA PETIT THOUARS 1090 SANTA BEATRIZ - LIMA CERCADO;LIMA;150101;-12.0753,-77.03477;102
1490192;SANTA ROSA DE LIMA;Inicial - JardÍn;Privada;JIRON JOAQUIN BERNAL 650  - LINCE;LINCE;150116;-12.087214,-77.038986;103
1490275;SUEÑOS DE NIÑO;Primaria;Privada;JIRON PEDRO DAVALOS LISSON 154  - LIMA CERCADO;LIMA;150101;-12.05151,-77.03947;48
1490598;BERTOLT BRECHT;Inicial - JardÍn;Privada;AVENIDA COLONIAL 2798 LIMA CERCADO - LIMA CERCADO;LIMA;150101;-12.04986,-77.07887;135
1490713;DIVINO Y SAGRADO CORAZON DE JESUS;Primaria;Privada;JIRON SUECIA 1216 SAN RAFAEL - LIMA CERCADO;LIMA;150101;-12.0494,-77.06061;153
1490721;DIVINO Y SAGRADO CORAZON DE JESUS;Secundaria;Privada;JIRON SUECIA 1216 SAN RAFAEL - LIMA CERCADO;LIMA;150101;-12.0494,-77.06061;123
1490846;DANTE ALIGHIERI;Primaria;Privada;AVENIDA PETIT THOUARS 1090 SANTA BEATRIZ - LIMA CERCADO;LIMA;150101;-12.0753,-77.03477;328
1490879;MI PRIMER PASO;Primaria;Privada;JIRON PEDRO RUIZ GALLO 378  - BREÑA;BREÑA;150105;-12.06765,-77.05273;41
1491000;MY SWEET HOME;Inicial - JardÍn;Privada;CALLE PUMACAHUA 2312  - LINCE;LINCE;150116;-12.08497,-77.04328;17
1491315;LOS REYES SABIOS;Inicial - JardÍn;Privada;JIRON CAPITAN RUY DIAZ 257 EL PLANETA - LIMA CERCADO;LIMA;150101;-12.03929,-77.05611;35
1491398;PNP CAP. ALIPIO PONCE VASQUEZ;Inicial - JardÍn;Pública de gesti¢n directa;AVENIDA SEBASTIAN LORENTE 769 BARRIOS ALTOS - LIMA CERCADO;LIMA;150101;-12.050325,-77.012703;68
1491406;JESUCITO DE BREÑA;Inicial - JardÍn;Privada;JIRON NAPO 1161  - BREÑA;BREÑA;150105;-12.06136,-77.05581;21
1491455;VICTOR ANDRES BELAUNDE;Inicial - JardÍn;Privada;JIRON CHOTA 855 LIMA CERCADO - LIMA CERCADO;LIMA;150101;-12.05054,-77.04076;10
1491463;VICTOR ANDRES BELAUNDE;Primaria;Privada;JIRON CHOTA 855 LIMA CERCADO - LIMA CERCADO;LIMA;150101;-12.05054,-77.04076;52
1491471;VICTOR ANDRES BELAUNDE;Secundaria;Privada;JIRON CHOTA 855 LIMA CERCADO - LIMA CERCADO;LIMA;150101;-12.05054,-77.04076;27
1491521;REMAR;Secundaria;Privada;JIRON CAMANA 963 CERCADO - LIMA CERCADO;LIMA;150101;-12.05242,-77.03709;62
1491604;CAMINITO DEL SABER;Inicial - JardÍn;Privada;CALLE TENIENTE ARISTIDES DEL CARPIO MUÑOZ 1558 LOS CIPRESES - LIMA CERCADO;LIMA;150101;-12.05537,-77.07818;12
1491638;SANTISIMA VIRGEN DEL ROSARIO DE YAUCA;Primaria;Privada;JIRON JOSE EUGENIO PAREDES 2575 ELIO - LIMA CERCADO;LIMA;150101;-12.0512,-77.07221;...
1491703;111 SAN JOSE DE ARTESANOS;Inicial - JardÍn;Pública de gesti¢n directa;JIRON AYACUCHO 179 LIMA CERCADO - LIMA CERCADO;LIMA;150101;-12.04645,-77.02476;220
1491711;TERESA DE CALCUTA EN TRINIDAD;Primaria;Privada;JIRON GUALBERTO GUEVARA 587 LA TRINIDAD - LIMA CERCADO;LIMA;150101;-12.05125,-77.06657;55
1491729;TERESA DE CALCUTA EN TRINIDAD;Secundaria;Privada;JIRON GUALBERTO GUEVARA 587 LA TRINIDAD - LIMA CERCADO;LIMA;150101;-12.05125,-77.06657;55
1491760;SANTA DOMITILA;Inicial - Cuna-jardÍn;Privada;CALLE SANTA DOMITILA 280 SANTA EMMA - LIMA CERCADO;LIMA;150101;-12.06583,-77.07555;36
1491828;LIMA SANTA BEATRIZ;Inicial - JardÍn;Privada;AVENIDA PASEO DE LA REPUBLICA 690 SANTA BEATRIZ - LIMA CERCADO;LIMA;150101;-12.06482,-77.03387;14
1491836;LIMA SANTA BEATRIZ;Primaria;Privada;AVENIDA PASEO DE LA REPUBLICA 690 SANTA BEATRIZ - LIMA CERCADO;LIMA;150101;-12.06482,-77.03387;85
1491935;HAPPY WORLD KIDS SCHOOL;Inicial - JardÍn;Privada;JIRON NAPO 201  - BREÑA;BREÑA;150105;-12.05228,-77.05243;34
1491968;MEDALLITA MILAGROSA;Primaria;Privada;PASAJE ISABEL FLORES DE OLIVA 145 MIRONES ALTOS - LIMA CERCADO;LIMA;150101;-12.03591,-77.06489;29
1492016;1165 HOLANDA;Inicial - JardÍn;Pública de gesti¢n directa;JIRON HOLANDA 2276 CHACRA RIOS NORTE - LIMA CERCADO;LIMA;150101;-12.051252,-77.063076;90
1492198;1015 REPUBLICA DE ITALIA;Inicial - JardÍn;Pública de gesti¢n directa;AVENIDA VENEZUELA CDRA 27 BLOCK 5 S/N PALOMINO - LIMA CERCADO;LIMA;150101;-12.05946,-77.07164;111
1492206;022 REPUBLICA DE GUATEMALA;Inicial - JardÍn;Pública de gesti¢n directa;JIRON MANUEL PARDO 225 BARRIOS ALTOS - LIMA CERCADO;LIMA;150101;-12.04685,-77.01556;91
1492214;DIVINO NIÑO JESUS DE BREÑA;Inicial - JardÍn;Privada;JIRON CASTROVIRREYNA 1146 AZCONA - BREÑA;BREÑA;150105;-12.06171,-77.05804;32
1492305;FRIEDRICH GAUSS;Inicial - JardÍn;Privada;JIRON JOAQUIN CAPELLO 3201 MIRONES BAJOS - LIMA CERCADO;LIMA;150101;-12.037282,-77.080767;9
1492354;SAN FRANCISCO DE ASIS DE BREÑA;Primaria;Privada;AVENIDA BOLIVIA 697  - BREÑA;BREÑA;150105;-12.05655,-77.0445;136
1492388;SAINT PATRICK;Primaria;Privada;JIRON TNTE ARISTIDES DEL CARPIO 1625 LAS CIPRESES AVEP - LIMA CERCADO;LIMA;150101;-12.05636,-77.07814;129
1492412;BARCIA BONIFATTI;Secundaria;Privada;JIRON PEREZ DE TUDELA 3055 MIRONES BAJOS - LIMA CERCADO;LIMA;150101;-12.03755,-77.0792;87
1067297;SOR INES;Inicial - JardÍn;Privada;CALLE BELISARIO FLORES 178  - LINCE;LINCE;150116;-12.08162,-77.037;83
1492461;SOR INES;Primaria;Privada;CALLE BELISARIO FLORES 178  - LINCE;LINCE;150116;-12.08162,-77.037;137
1492479;1035 JOSE DEL CARMEN MARIN ARISTA;Inicial - JardÍn;Pública de gesti¢n directa;AVENIDA NICOLAS DE PIEROLA 1533 LIMA CERCADO - LIMA CERCADO;LIMA;150101;-12.05579,-77.02819;137
1032796;SANTISIMO DE JESUS;Inicial - JardÍn;Privada;JIRON CARHUAZ 190  - BREÑA;BREÑA;150105;-12.077506,-77.067766;34
1033919;SANTISIMO DE JESUS;Primaria;Privada;JIRON CARHUAZ 190  - BREÑA;BREÑA;150105;-12.077506,-77.067766;85
1492537;TRECE DE MAYO;Primaria;Privada;JIRON PARIACOTO 649  - BREÑA;BREÑA;150105;-12.05243,-77.05007;68
1492594;ALBORADA;Secundaria;Privada;JIRON MANUEL CANDAMO 253  - LINCE;LINCE;150116;-12.08228,-77.03414;46
1327212;ILLARIY;Primaria;Privada;AVENIDA GENERAL CESAR CANEVARO 1591 MIRAFLORES - LINCE;LINCE;150116;-12.08549,-77.04815;24
1304013;SANTA PATRICIA;Inicial - JardÍn;Privada;JIRON JOSE FELIX BOGADO 2417 LAS CIPRESES AVEP - LIMA CERCADO;LIMA;150101;-12.05066,-77.07302;46
1304948;APRENDIENDO A APRENDER;Inicial - JardÍn;Privada;JIRON CARLOS REVOLLEDO 1025 ROMA - LIMA CERCADO;LIMA;150101;-12.04814,-77.07621;26
1306869;SAN IGNACIO DE MONTERRICO - SIDEM;Inicial - JardÍn;Privada;JIRON TARATA 351-359 BARRIOS ALTOS - LIMA CERCADO;LIMA;150101;-12.05655,-77.01996;14
1306877;SAN IGNACIO DE MONTERRICO - SIDEM;Primaria;Privada;JIRON TARATA 351-359 BARRIOS ALTOS - LIMA CERCADO;LIMA;150101;-12.05655,-77.01996;32
1306810;EL MUNDO DE LOS NIÑOS FELICES;Inicial - JardÍn;Privada;CALLE PEDRO DONOFRIO 330  - BREÑA;BREÑA;150105;-12.06469,-77.05792;11
1318948;MI SAGRADITA FAMILIA;Inicial - JardÍn;Privada;JIRON YAPURA 166-170  - BREÑA;BREÑA;150105;-12.05135,-77.04667;26
1319003;MUNDO AZUL;Inicial - Cuna-jardÍn;Privada;JIRON AGUARICO 576 BREÑA - BREÑA;BREÑA;150105;-12.05392,-77.05064;31
1322494;HAPPY FACES;Inicial - JardÍn;Privada;JIRON JOAQUIN CAPELLO 3315 MIRONES BAJOS - LIMA CERCADO;LIMA;150101;-12.03699,-77.07925;14
1327576;JORGE BASADRE;Primaria;Privada;JIRON ARISTIDES DEL CARPIO MUÑOZ 1138 LIMA CERCADO - LIMA CERCADO;LIMA;150101;-12.05043,-77.07658;48
1327584;JORGE BASADRE;Secundaria;Privada;JIRON ARISTIDES DEL CARPIO MUÑOZ 1138 LIMA CERCADO - LIMA CERCADO;LIMA;150101;-12.05043,-77.07658;45
1342682;LOS ROBLES;Secundaria;Privada;JIRON CARLOS ARRIETA 1249 SANTA BEATRIZ - LIMA CERCADO;LIMA;150101;-12.07668,-77.032;65
1343888;1040 REPUBLICA DE HAITI;Inicial - JardÍn;Pública de gesti¢n directa;JIRON AZANGARO 876 LIMA CERCADO - LIMA CERCADO;LIMA;150101;-12.053743,-77.032506;91
1344829;0004 MARIANO MELGAR;Inicial - JardÍn;Pública de gesti¢n directa;JIRON SAN LUIS 246 SAN LUIS - BREÑA;BREÑA;150105;-12.06219,-77.05445;162
1344837;1006 MARISCAL ANDRES AVELINO CACERES;Inicial - JardÍn;Pública de gesti¢n directa;JIRON RECUAY 271 CHACRA COLORADA - BREÑA;BREÑA;150105;-12.05563,-77.0446;132
1344845;1027 REPUBLICA DE NICARAGUA;Inicial - JardÍn;Pública de gesti¢n directa;JIRON ANCASH 1379 BARRIOS ALTOS - LIMA CERCADO;LIMA;150101;-12.04557,-77.01448;67
1344860;VISION MUNDIAL;Inicial - JardÍn;Pública de gesti¢n directa;CARRETERA VIA EVITAMIENTO KM.4.5 MZ L LOTE 1-2 NUEVA CAJA DE AGUA - LIMA CERCADO;LIMA;150101;-12.0327,-77.0107;49
1348127;ILLARIY;Secundaria;Privada;AVENIDA GENERAL CESAR CANEVARO 1591 MIRAFLORES - LINCE;LINCE;150116;-12.08549,-77.04815;5
1349992;ELENITA;Inicial - JardÍn;Privada;CALLE JUAN MANUEL PEREZ DE TUDELA 2075 MIRONES BAJOS - LIMA CERCADO;LIMA;150101;-12.03598,-77.06889;0
1372614;MIS AÑOS INOLVIDABLES;Secundaria;Privada;JIRON CENTENARIO 357 VINCHOTA - BREÑA;BREÑA;150105;-12.06502,-77.05017;83
1376862;DIVINO SALVADOR;Primaria;Privada;JIRON CAILLOMA 574 LIMA CERCADO - LIMA CERCADO;LIMA;150101;-12.048324,-77.036009;31
1376870;DIVINO SALVADOR;Secundaria;Privada;JIRON CAILLOMA 574 LIMA CERCADO - LIMA CERCADO;LIMA;150101;-12.048324,-77.036009;73
1377761;1008 VIRGEN DE LOURDES;Inicial - JardÍn;Pública de gesti¢n directa;JIRON RECUAY 439  - BREÑA;BREÑA;150105;-12.05584,-77.04707;77
1380369;SAN CONSTANTINO;Inicial - JardÍn;Privada;JIRON FEDERICO VILLARREAL 306  - BREÑA;BREÑA;150105;-12.05988,-77.05136;101
1388719;JESUS SUBLIME MAESTRO;Primaria;Privada;JIRON MONSEFU 636 PARQUE UNION - LIMA CERCADO;LIMA;150101;-12.04255,-77.06151;109
1389857;NUESTRA SEÑORA DEL BUEN CONSEJO;Secundaria;Privada;JIRON POMABAMBA 612  - BREÑA;BREÑA;150105;-12.05119,-77.04844;267
1390426;022 REPUBLICA DE GUATEMALA;Primaria;Pública de gesti¢n directa;JIRON MANUEL PARDO 225 BARRIOS ALTOS - LIMA CERCADO;LIMA;150101;-12.04685,-77.01556;175
1401827;1147 ANDRES ROSALES VALENCIA;Inicial - JardÍn;Pública de gesti¢n directa;JIRON CAÑETE 614 LIMA CERCADO - LIMA CERCADO;LIMA;150101;-12.04637,-77.04037;82
1401918;TRENTO COLONIAL;Secundaria;Privada;AVENIDA OSCAR R. BENAVIDES / EX- COLONIAL 2443 LIMA CERCADO - LIMA CERCADO;LIMA;150101;-12.04977,-77.07341;98
1401876;MAGIC LAND;Inicial - JardÍn;Privada;CALLE ENRIQUE LOPEZ ALBUJAR 1406 LAS BRISAS AVEP - LIMA CERCADO;LIMA;150101;-12.06273,-77.06478;5
1402353;LAS SEMILLITAS DE JESUS;Inicial - JardÍn;Privada;CALLE ISAIAS CLIVIO 361 BARRIOS ALTOS - LIMA CERCADO;LIMA;150101;-12.04773,-77.01352;30
1406560;EL CASTILLO DE LA INTELIGENCIA;Inicial - JardÍn;Privada;AVENIDA MARIANO CORNEJO 1696 LA LUZ - LIMA CERCADO;LIMA;150101;-12.06746,-77.06944;54
1406586;TERESA DE CALCUTA EN TRINIDAD;Inicial - JardÍn;Privada;JIRON GUALBERTO GUEVARA 587 LA TRINIDAD - LIMA CERCADO;LIMA;150101;-12.05125,-77.06657;21
1426048;ALBERT EINSTEIN - BREÑA;Primaria;Privada;AVENIDA BOLIVIA ESQUINA CON JR. HURAZ 565-567 678 CHACRA COLORADA - BREÑA;BREÑA;150105;-12.056378,-77.045009;237
1426055;ALBERT EINSTEIN - BREÑA;Secundaria;Privada;AVENIDA BOLIVIA ESQUINA CON JR. HURAZ 565-567 678 CHACRA COLORADA - BREÑA;BREÑA;150105;-12.056378,-77.045009;23
1431915;JESUS EL BUEN PASTOR;Primaria;Privada;JIRON JUAN MANUEL PEREZ DE TUDELA 3338 CERCADO - LIMA CERCADO;LIMA;150101;-12.03796,-77.08212;88
1435833;MIS PEQUEÑOS ANGELITOS;Inicial - JardÍn;Privada;JIRON ANGEL VELENZUELA 605 CERCADO - LIMA CERCADO;LIMA;150101;-12.06283,-77.06694;24
1441005;DANTE ALIGHIERI;Secundaria;Privada;AVENIDA PETIT THOUARS 1090 SANTA BEATRIZ - LIMA CERCADO;LIMA;150101;-12.0753,-77.03477;228
1441013;SAN FRANCISCO DE ASIS DE BREÑA;Secundaria;Privada;AVENIDA BOLIVIA 697  - BREÑA;BREÑA;150105;-12.05655,-77.0445;85
1442847;1161;Inicial - JardÍn;Pública de gesti¢n directa;CALLE CRESPO Y CASTILLO MIRONES ALTOS - LIMA CERCADO;LIMA;150101;-12.03672,-77.06077;65
1528371;FOREVER HAPPY KIDS;Inicial - JardÍn;Privada;JIRON DINAMARCA 1300 SAN RAFAEL - LIMA CERCADO;LIMA;150101;-12.04993,-77.06099;...
1528413;PASITOS DEL DIVINO NIÑO;Inicial - Cuna-jardÍn;Privada;CALLE ALMIRANTE GUISSE 2615 - 2619 LINCE - LINCE;LINCE;150116;-12.09056,-77.03803;41
1536515;SANTA MARIA;Inicial - JardÍn;Privada;JIRON FRANCISCO LAZO 1582-1586  - LINCE;LINCE;150116;-12.07996,-77.03098;24
1536507;RAYITO DE LUZ;Inicial - JardÍn;Privada;AVENIDA ALEJANDRO BERTELLO 549 LIMA CERCADO - LIMA CERCADO;LIMA;150101;-12.0625,-77.06559;12
1536432;1017 SEÑOR DE LOS MILAGROS;Inicial - JardÍn;Pública de gesti¢n directa;JIRON NAPO 1129 AZCONA - BREÑA;BREÑA;150105;-12.06122,-77.05545;69
1566645;25 NUESTRA SEÑORA DE LA INMACULADA CONCEPCION;Inicial - JardÍn;Pública de gesti¢n directa;JIRON JUNIN 1238 BARRIOS ALTOS - LIMA CERCADO;LIMA;150101;-12.05138,-77.0173;84
1570829;MUNDO KIDS;Inicial - JardÍn;Privada;CALLE LEONIDAS LASARRE 495 LAS BRISAS - LIMA CERCADO;LIMA;150101;-12.06,-77.0671;42
1575281;MADRE ESPERANZA DE JESUS;Primaria;Privada;JIRON COMANDANTE TORRES PAZ 935 SANTA BEATRIZ - SANTA BEATRIZ;LIMA;150101;-12.07326,-77.0315;30
1616374;1146 REPUBLICA DEL PARAGUAY;Inicial - JardÍn;Pública de gesti¢n directa;AVENIDA EMANCIPACION 731 LIMA CERCADO - LIMA CERCADO;LIMA;150101;-12.04518,-77.03971;100
1615251;117 RVDO PADRE PASCUAL ALEGRE GONZALES;Inicial - JardÍn;Pública de gesti¢n directa;AVENIDA NICOLAS DUEÑAS 702 MIRONES BAJOS - LIMA CERCADO;LIMA;150101;-12.04407,-77.0658;70
1636539;SOR INES;Secundaria;Privada;CALLE BELISARIO FLORES 178  - LINCE;LINCE;150116;-12.08162,-77.037;112
1655554;JESUS EL BUEN PASTOR;Inicial - JardÍn;Privada;JIRON JUAN MANUEL PEREZ DE TUDELA 3338 CERCADO - LIMA CERCADO;LIMA;150101;-12.03796,-77.08212;24
1661362;NUEVO MUNDO;Primaria;Privada;JIRON GENERAL VIDAL 261 BREÑA - BREÑA;BREÑA;150105;-12.06402,-77.04758;39
1664937;GOTTFRIED WILHELM LEIBNIZ;Primaria;Privada;JIRON RECUAT 514 CHACRA COLORADA - BREÑA;BREÑA;150105;-12.05586,-77.04813;0
1664945;GOTTFRIED WILHELM LEIBNIZ;Secundaria;Privada;JIRON RECUAT 514 CHACRA COLORADA - BREÑA;BREÑA;150105;-12.05586,-77.04813;0
1665488;JESUS EL DIVINO NIÑO;Inicial - JardÍn;Privada;CALLE FRANCISCO MAZZOCCHIO 126 ESMERALDA - BREÑA;BREÑA;150105;-12.06656,-77.05822;14
1671122;MI MUNDO MARAVILLOSO;Inicial - JardÍn;Privada;JIRON MANUEL CANDAMO 619  - LINCE;LINCE;150116;-12.08174,-77.03033;...
1691328;MIS ANGELITOS;Inicial - JardÍn;Privada;JIRON JOSE FELIX BOGADO 2540 LOS CIPRESES - LIMA CERCADO;LIMA;150101;-12.05045,-77.07479;19
1693167;METROPOLITANO;Primaria;Privada;AVENIDA AREQUIPA 2077 LINCE - LINCE;LINCE;150116;-12.08538,-77.0342;...
1700988;INNOVA SCHOOLS - CERCADO;Inicial - JardÍn;Privada;JIRON PACASMAYO 701 LIMA CERCADO - LIMA CERCADO;LIMA;150101;-12.04832,-77.0464;191
1700996;INNOVA SCHOOLS - CERCADO;Primaria;Privada;JIRON PACASMAYO 701 LIMA CERCADO - LIMA CERCADO;LIMA;150101;-12.04832,-77.0464;762
1701002;INNOVA SCHOOLS - CERCADO;Secundaria;Privada;JIRON PACASMAYO 701 LIMA CERCADO - LIMA CERCADO;LIMA;150101;-12.04832,-77.0464;656
1704329;SAINT PATRICK;Secundaria;Privada;JIRON TNTE ARISTIDES DEL CARPIO 1625 LAS CIPRESES AVEP - LIMA CERCADO;LIMA;150101;-12.05636,-77.07814;124
1716695;103 LUIS ARMANDO CABELLO HURTADO;Inicial - JardÍn;Pública de gesti¢n directa;PASAJE ALTO DE LA ALIANZA S/N MANZANILLA - LIMA CERCADO;LIMA;150101;-12.05834,-77.01134;125
1723352;INNOVA SCHOOLS - BERTELLO;Inicial - JardÍn;Privada;SUB LOTE 5-B MZ C LOTE 3-4-5 FUNDO CHACRARIO - FUNDO CHACRARIO;LIMA;150101;-12.06259,-77.06233;115
1723360;INNOVA SCHOOLS - BERTELLO;Primaria;Privada;SUB LOTE 5-B MZ C LOTE 3-4-5 FUNDO CHACRARIO - FUNDO CHACRARIO;LIMA;150101;-12.06259,-77.06233;747
1723378;INNOVA SCHOOLS - BERTELLO;Secundaria;Privada;SUB LOTE 5-B MZ C LOTE 3-4-5 FUNDO CHACRARIO - FUNDO CHACRARIO;LIMA;150101;-12.06259,-77.06233;675
1739382;MAYIM HAIEM;Inicial - JardÍn;Privada;CALLE MARIANO ARREDONDO 2851 LIMA - LIMA CERCADO;LIMA;150101;-12.05401,-77.07894;...
1739390;MAYIM HAIEM;Primaria;Privada;CALLE MARIANO ARREDONDO 2851 LIMA - LIMA CERCADO;LIMA;150101;-12.05401,-77.07894;...
1758879;KASNER;Inicial - JardÍn;Privada;JIRON LEON VELARDE 765 DEL FUNDO LOBATON - LINCE;LINCE;150116;-12.08363,-77.04237;29
1764190;25 NUESTRA SEÑORA DE LA INMACULADA CONCEPCION;Primaria;Pública de gesti¢n directa;JIRON JUNIN 1238 BARRIOS ALTOS - LIMA CERCADO;LIMA;150101;-12.05138,-77.0173;166
1771377;EDUCARE SCHOOL;Secundaria;Privada;AVENIDA CANEVARO 1049  - LINCE;LINCE;150116;-12.0849,-77.04362;34
1774439;TRILCE SANTA BEATRIZ;Secundaria;Privada;AVENIDA AREQUIPA 1381 SANTA BEATRIZ - SANTA BEATRIZ;LIMA;150101;-12.07837,-77.03519;1157
1778828;KASNER;Primaria;Privada;JIRON LEON VELARDE 765 DEL FUNDO LOBATON - LINCE;LINCE;150116;-12.08363,-77.04237;64
1785823;SACO OLIVEROS DE ELIO;Primaria;Privada;CALLE EUGENIO PAREDES 2448-2450 LOS CIPRESES - LIMA CERCADO;LIMA;150101;-12.05118,-77.07284;175
1785831;SACO OLIVEROS DE ELIO;Secundaria;Privada;CALLE EUGENIO PAREDES 2448-2450 LOS CIPRESES - LIMA CERCADO;LIMA;150101;-12.05118,-77.07284;296
1789619;GENIOS EN ACCION SCHOOL;Primaria;Privada;JIRON ESPERANZA 777 CONDE DE LA VEGA - LIMA CERCADO;LIMA;150101;-12.0398,-77.05244;...
1789742;SANTA TERESA DE AVILA;Secundaria;Privada;AVENIDA PROLONGACION ARICA 2048  - LIMA CERCADO;LIMA;150101;-12.0542,-77.06119;16
1792985;KASNER;Secundaria;Privada;JIRON LEON VELARDE 765 DEL FUNDO LOBATON - LINCE;LINCE;150116;-12.08363,-77.04237;1
1797653;SAN FRANCISCO DE ASIS DE BREÑA;Inicial - JardÍn;Privada;AVENIDA BOLIVIA 697  - BREÑA;BREÑA;150105;-12.05655,-77.0445;85
3032646;TRILCE DE ROMA;Primaria;Privada;CALLE EMILIO FERNANDEZ 641 - 649 SANTA BEATRIZ - LIMA CERCADO;LIMA;150101;-12.07279,-77.03221;176
3045747;EDUCARE SCHOOL;Primaria;Privada;AVENIDA CANEVARO 1049  - LINCE;LINCE;150116;-12.0849,-77.04362;7
3056843;INNOVA SCHOOLS CERCADO SAN RAFAEL;Inicial - JardÍn;Privada;AVENIDA TINGO MARIA 814 LIMA CERCADO - LIMA CERCADO;LIMA;150101;-12.04592,-77.030496;...
3056850;INNOVA SCHOOLS CERCADO SAN RAFAEL;Primaria;Privada;AVENIDA TINGO MARIA 814 LIMA CERCADO - LIMA CERCADO;LIMA;150101;-12.04592,-77.030496;...
3056868;INNOVA SCHOOLS CERCADO SAN RAFAEL;Secundaria;Privada;AVENIDA TINGO MARIA 814 LIMA CERCADO - LIMA CERCADO;LIMA;150101;-12.04592,-77.030496;...
