id_iglesia;address;name;coordenadas
1316291871;Calle Elvira García y García 2120;Parroquia San Pío X;-12.052221823208598, -77.06791863299296
2023937328;;Parroquia Jesús Nazareno;-12.058870301205587, -77.072221260771
495775886;;Parroquia San José;-12.074718194533785, -77.04828192431013
5141942622;Avenida De las Bellas Artes 300;Parroquia San Josemaría Escrivá de Balaguer;-12.085791340579416, -76.99749059160888
615416668;Avenida San Felipe 1050 Surquillo;Parroquia Jesús Obrero;-12.110437668315498, -77.01630475980181
245447349;Calle Lima 345 Miraflores;Parroquia Virgen Milagrosa;-12.121672389387415, -77.02963007491154
4709086592;;Capilla Sagrada Familia;-11.8797792, -76.9533479
7768354144;;Iglesia Virgen de Guadalupe;-11.8930229, -76.9595625
649341307;;Capilla Cristo de la Paz;-11.9344462, -76.9883645
830931495;;Santa Rosa;-11.9345195, -76.9691982
1109632934;;Capilla San Columbano;-11.9392322, -77.0011947
4354214250;;Iglesia de Dios de la Proficia;-11.9403269, -76.9869826
828315466;;La Iglesia de Jesucristo de los Santos de los Últimos Días;-11.9403627, -76.990263
824763912;;Parroquia Nuestra Señora de la Paz;-11.9404414, -76.97525
1101336373;;Cristo Liberador;-11.9404775, -76.9856064
825695407;;La Iglesia de Jesucristo de los Santos de los Últimos Días;-11.9415639, -76.9801753
961402605;;Iglesia Cristiana Pentecostal 10 de Octubre;-11.9423135, -76.9906686
4354426015;;Jesucristo el Rey de Reyes;-11.9424846, -76.9832277
1155045824;;Capilla de la Vírgen de Fátima;-11.9430961, -76.979652
1098855871;;Capilla Cristo Buen Pastor;-11.9431189, -76.995958
829513172;;Capilla San José Obrero;-11.947705, -76.9765413
973348606;;Santísima Trinidad;-11.9482006, -76.9807002
5264043726;;Salón del Reino de los Testigos de Jehová;-11.9521213, -76.9870698
7852431932;;Parroquia La Buena Nueva;-11.9531351, -76.9843455
829476053;;Capilla San Martín de Porras;-11.9559964, -76.9729976
828311618;;La Iglesia de Jesucristo de los Santos de los Últimos Días;-11.9560673, -77.0016137
11225237163;;Capilla Virgen de Guadalupe;-11.9565881, -76.9765102
288663198;;Capilla Familia de Nazareth;-11.9577949, -76.998001
828314256;;La Iglesia de Jesucristo de los Santos de los Últimos Días;-11.958498, -76.9860459
119441947;;Capilla María de Nazareth;-11.9603347, -76.990644
778342438;;Iglesia de Jesucristo de los Santos de los Últimos Días;-11.9610239, -76.9994727
9533813316;;Movimiento Misionero Mundial Santa María;-11.9639431, -76.978765
11241760519;Avenida Héroes del Cenepa Oeste Lima;San Ignacio de Loyola;-11.9652311, -76.976114
828311064;;La Iglesia de Jesucristo de los Santos de los Últimos Días;-11.9659715, -76.9902932
828308328;;La Iglesia de Jesucristo de los Santos de los Últimos Días;-11.9709415, -77.0014312
831449110;;Capilla Santísima Cruz;-11.9749804, -77.012706
186793693;;Iglesia Inmaculada Concepción;-11.9766296, -77.0069329
437869122;;Capilla Cristo Rey;-11.9766906, -76.9971671
828291152;;La Iglesia de Jesucristo de los Santos de los Últimos Días;-11.9779933, -76.9952211
828290534;;La Iglesia de Jesucristo de los Santos de los Últimos Días;-11.980179, -77.015031
1040722124;;Movimiento Misionero Mundial;-11.9813256, -77.0131292
12597149660;;Iglesia Bíblica Emmanuel;-11.9832091, -77.0178174
9347463875;;Agua Viva;-11.9836955, -77.0143828
4353140559;;Iglesia Alianza Cristiana y Misionera;-11.9839019, -77.0061149
185438417;;Capilla Cristo Vencedor;-11.9841864, -77.0124988
307528003;;Iglesia Biblica Misionera del Perú;-11.9846013, -77.0121468
978322184;;Iglesia de Testigos de Jehova;-11.9868914, -77.0152336
1105417970;;Capilla San Carlos Borroneo;-11.988243, -77.0069175
437810939;;Iglesia Nueva Apostolica;-11.9882543, -76.9960004
9612201516;;iglesia adventista;-11.9895976, -77.0114221
837472144;;Manantial de Vida;-11.992038, -77.0126319
437891151;;Capilla San Miguel Arcangel;-11.9924991, -77.00561
11294533219;;Capilla Señor de los Milagros;-11.9933575, -77.008358
554932611;;La Iglesia de Jesucristo de los Santos de los Últimos Días;-11.9949407, -77.0142016
830882654;;Iglesía Visión Cristiana;-11.9959849, -77.0143033
437492948;;Misión Bíblica Carismática;-11.9981313, -77.0089349
834499203;;Capilla Cristo Pobre;-12.0024635, -77.0146369
9604441357;;Iglesia San Pablo;-12.0034931, -77.0173376
831071756;;La Santa Cruz;-12.0039065, -76.9959002
831069190;;Salón del Reino de los Testigos de Jehová;-12.0043757, -76.9957905
828322596;;La Iglesia de Jesucristo de los Santos de los Últimos Días;-12.0050658, -77.00338
3391642615;;Parroquia San Marcos;-12.0057027, -77.0017586
9854807603;;Iglesia Pentecostal Unida;-12.0065457, -77.0111634
459042598;;La Iglesia de Jesucristo de los Santos de los Últimos Días;-12.008196, -77.0164554
402042867;;Parroquia San Gregorio de Mangomarca;-12.0107287, -76.9813854
6496460528;;Capilla Medalla Milagrosa;-12.0111282, -77.0047925
682339790;;La Iglesia de Jesucristo de los Santos de los Últimos Días;-12.0114575, -76.9817573
1204564046;;Capilla San Juan Bautista;-12.0171942, -77.0037565
554937538;Los Hinojos San Juan de Lurigancho;La Iglesia de Jesucristo de los Santos de los Últimos Días;-12.017587, -77.0051257
4320216690;;Salón de Asamblea de los Testigos de Jehova;-12.0177085, -76.9716915
9342031485;;Iglesia Movimiento Misionero Mundial Anexo Chacarilla;-12.0188072, -77.0121038
837447820;;Capilla San Martín de Porres;-12.0196136, -77.010702
559090068;;Iglesia Señor de los Milagros;-12.0200444, -77.0018714
4516427490;;IEP Centro Evangélico;-12.0224006, -77.0024179
828324177;;La Iglesia de Jesucristo de los Santos de los Últimos Días;-12.0238287, -76.996633
806243139;;Movimiento Misionero Mundial Campoy;-12.0246465, -76.9677418
806243328;;La Iglesia de Jesucristo de los Santos de los Últimos Días;-12.0248652, -76.9674643
828324634;;La Iglesia de Jesucristo de los Santos de los Últimos Días;-12.0268615, -77.0120293
7018257473;;Parroquia San Juan Bautista;-12.0268987, -77.0046141
572938527;Jirón San José Celendon 300 San Juan de Lurigancho;Iglesia San Jose de Tres Compuertas;-12.0352148, -77.0133746
2023937393;;Parroquia Nuestra Señora de la Merced;-12.035774, -77.072952
2023937430;;Parroquia Nuestra Señora del Perpetuo Socorro;-12.036713, -77.050491
4709139194;;Capilla de Quinuapata;-12.0368475, -77.0798692
462859070;;Capilla San Columbano y Santo Toribio;-12.037393, -77.0634563
2023937335;;Parroquia La Virgen Medianera;-12.0378981, -77.0554388
9890814548;;Señor de Señores;-12.0381703, -77.0772291
824719314;;Iglesia de mormones;-12.0405753, -77.0661636
435832497;;Parroquia Nuestra Señora de Montserrat;-12.0413487, -77.039427
838661833;;Iglesia Fuente de Vida;-12.0420339, -77.0695745
408470797;;Arzobispado de Lima;-12.042569, -77.0362786
408470796;Avenida Tacna 100 Cercado de Lima;Basílica Santuario Santa Rosa de Lima;-12.0426183, -77.0352816
435829248;;La Casa del Rey;-12.0434623, -77.0374758
6024022;;Convento de Santo Domingo;-12.0437193, -77.0318903
4228823693;Jirón Chancay Cercado de Lima;Templo de San Sebastián;-12.0438168, -77.0366344
440269140;Jirón Conde de Superunda Cercado de Lima;Basílica del Santísimo Rosario;-12.0441302, -77.0318798
440269894;Jirón Conde de Superunda Cercado de Lima;Basílica de la Veracruz;-12.0441731, -77.0321609
4228847695;;Hermandad El Señor de los Milagros de Nazarenas;-12.0446365, -77.0374699
1459528357;;Santo Cristo;-12.0449881, -77.0122172
440422465;;Santuario de Nuestra Señora de la Soledad;-12.0450246, -77.0276
7528062;Jirón Huancavelica 515 Cercado de Lima;Iglesia de Las Nazarenas;-12.0455369, -77.0374203
440422455;;Iglesia de San Francisco de Asís;-12.0456566, -77.0271717
1036409224;;Santuario de la Virgen del Milagro;-12.0459714, -77.0270451
435355496;Avenida Emancipación 469 Cercado de Lima;La Iglesia de Jesucristo de los Santos de los Últimos Días;-12.0463927, -77.036905
8607795;;Iglesia y Convento San Agustín;-12.04649, -77.0337655
436431616;;Parroquia La Visitacion de Nuestra Señora;-12.0465541, -77.0470864
8531715;Jirón Carabaya 200 Cercado de Lima;Catedral de Lima;-12.0467406, -77.0296657
435348092;;Parroquia San Marcelo;-12.047042, -77.0369005
413974282;Jirón Ancash Lima;Iglesia de la Buenamuerte;-12.0472049, -77.0222426
440444589;;Monasterio de la Santísima Trinidad;-12.0473521, -77.0364615
298385725;;Parroquia Santo Toribio - La Inmaculada;-12.0477212, -77.0399453
413974281;;Iglesia Las Trinitarias;-12.0477566, -77.0229854
6173401;Jirón Maynas Cercado de Lima;Parroquia Nuestra Señora de las Mercedes;-12.047811, -77.0177422
413976454;Jirón Huanuco Cercado de Lima;Iglesia de Santa Clara;-12.0481845, -77.0199111
804442698;;Iglesia Adventista del Séptimo Dia;-12.0483738, -77.013134
126587274;;Iglesia de la Merced;-12.0484147, -77.0325208
6586667;;Convento de la Merced;-12.0488077, -77.0324896
298417974;;La Concepccion;-12.0491496, -77.0269627
126587273;;Basílica de San Pedro;-12.0493835, -77.028738
126587276;;Monasterio de Jesús María y José Hermanas Clarisas Capuchinas;-12.0496186, -77.0350877
2023937642;;Parroquia Santiago Apóstol - Cercado;-12.0498, -77.011902
690018003;;San Rafael;-12.0498694, -77.0613497
5449175382;Jirón Junín 899 Cercado de Lima;Iglesia San José;-12.0499916, -77.0226496
2023937334;;Parroquia La Santísima Trinidad;-12.0505452, -77.0643284
8052281;;Convento de la Santisima Trinidad;-12.0509312, -77.031245
4400009118;Jirón Ayacucho Cercado de Lima;Monasterio de Santa Rosa de Santa María;-12.0512098, -77.0273033
2710325;Avenida Garcilazo de la Vega 924 Cercado de Lima;Templo Esclavas del Sagrado Corazón de Jesús;-12.0512659, -77.0390996
804408558;;Monasterio Hijas del Santísimo Salvador;-12.051296, -77.0155461
4408955453;;Nuestra Señora del Pardo;-12.0516266, -77.0153089
565936685;Jirón Huanta 817 Cercado de Lima;Parroquia de Santa Ana;-12.0516286, -77.0226502
437504160;;Cene Señor de La Misericordia;-12.0519736, -77.0150721
2023937345;;Parroquia Nuestra Señora de Fátima- Unidad Vecinal;-12.051985, -77.080231
9763338278;;Iglesia Juan17:21;-12.0520936, -77.0712619
6518069690;;Jesus Reparador;-12.0524451, -77.0262404
2023937452;;Parroquia Sagrado Corazón de Jesús - Los Huérfanos;-12.0526778, -77.0315485
435853057;;Iglesia Adventista del Septimo Dia;-12.0527715, -77.0660927
4119503763;Avenida Garcilazo de la Vega 1131 Cercado de Lima;Iglesia La Recoleca;-12.0536014, -77.0380173
815710719;;La Iglesia de Jesucristo de los Santos de los Últimos Días;-12.0546181, -77.0215535
5046984818;Avenida Abancay Cercado de Lima;Santuario Vírgen de Lourdes;-12.0548631, -77.0300584
435715080;;Comunidad Cristiana Del Espiritu Santo;-12.0548948, -77.0435082
4347851994;;Parroquia Santa Catalina;-12.0552828, -77.0263963
451647225;Jirón Huanuco Cdra. 9;Parroquia Nuestra Señora de Cocharcas;-12.0555665, -77.018554
183914428;;Parroquia Nuestra Señora de los Desamparados y San José;-12.0556031, -77.0515118
4277421590;;Alianza cristiana;-12.0565354, -77.0521146
420672527;;La Iglesia de Jesucristo de los Santos de los Últimos Días;-12.0566626, -77.0709496
4388373156;;Adventista España;-12.0583523, -77.0432426
434577522;;La Salle;-12.0583722, -77.0485954
721155571;;IPDA Peru;-12.0594461, -77.0429669
1122514287;;Gruta Santa Rosa;-12.0604084, -77.0644363
435391784;;El Buen Pastor;-12.0605779, -77.0585862
2023937565;;Parroquia San Pablo y Nuestra Señora del Carmen;-12.0608756, -77.0569097
402156549;;Basilica María Auxiliadora;-12.060962, -77.0429174
2023937600;;Parroquia Santa Magdalena Sofía Barat;-12.0611367, -77.003184
435516619;;Primera Iglesia Evangélica Bautista de Lima;-12.062166, -77.0379934
435545535;;Salvation Army;-12.0622056, -77.0395774
2023937333;;Parroquia La Sagrada Familia;-12.0622129, -77.0087045
4462647291;;IGLESIA BETEL;-12.0623487, -77.0697817
438477735;Avenida 28 de Julio La Victoria;Iglesia Cristiana Pentecostes del Peru;-12.0626408, -77.0237654
435384437;;Catedral de Fe;-12.0627328, -77.0405732
435385728;;"Iglesia Evangélica Peruana ""Maranatha""";-12.0627387, -77.0431374
435343328;;Iglesia de Jesucristo de los Últimos Santos del Día;-12.0630551, -77.0732788
10805827105;Jirón Leonidas La Sarre 792;Misión Libre;-12.0631188, -77.0683294
438804007;Prolongacion Parinacochas Lima;Iglesia Advetista de Septimo Dia;-12.0636607, -77.0174212
401027225;;Parroquia Nuestra Señora de las Victorias;-12.0638033, -77.0312588
2023937417;;Parroquia Nuestra Señora del Camino;-12.0638954, -76.9978843
2023937655;;Parroquia Virgen del Buen Remedio y San Pablo Apóstol;-12.064366, -77.075859
5592030322;Jirón Humboldt 1092;Iglesia Pentecostal Unida del Perú;-12.064779, -77.0196513
3701570797;Prolongación Huánuco 1780 La Victoria;Convento Hermanas Franciscanas de Bamberga;-12.0659737, -77.0147987
4458459064;Jirón La Mar La Victoria;Iglesia Adventista El Porvenir - Matute;-12.0672181, -77.0193663
2023937460;;Parroquia San Antonio María Claret;-12.067545, -77.018364
2023937415;;Parroquia Nuestra Señora del Buen Consejo;-12.0675496, -77.007973
11174955334;;Iglesia Templo Apostólico de Las Asambleas de Dios;-12.0679931, -77.008243
442870979;José Díaz 333 Jesús María;Parroquia Santa Teresita del Niño Jesús;-12.0688218, -77.0342467
5368460151;;Gruta;-12.0693116, -77.065861
2023937498;;Parroquia San Juan Apóstol;-12.070037, -77.0716297
445528099;;Parroquia;-12.0700518, -77.0639877
2023937547;;Parroquia San Miguel Arcángel;-12.070241, -77.093498
833745214;;La Iglesia de Jesucristo de los Santos de los Últimos Días;-12.0702986, -76.9972023
2023937538;;Parroquia San Lucas;-12.070404, -77.057854
835381703;;La Iglesia de Jesucristo de los Santos de los Últimos Días;-12.0707436, -76.99674
2023937582;;Parroquia San Ricardo;-12.071222, -77.021835
4384211397;Jirón Carlos Arrieta Santa Beatriz;Shekina;-12.0722328, -77.0333576
2023937324;;Parroquia El Divino Maestro;-12.0724429, -77.014242
4341314068;;Iglesia Cristiana Comunidad de Fe;-12.0736608, -77.052973
436795391;;Iglesia Biblica Maranga;-12.0737835, -77.0986603
637187219;;Santuario Parroquial Virgen Del Carmen;-12.0739076, -77.0689685
833746961;Avenida Aviación La Victoria;La Iglesia de Jesucristo de los Santos de los Últimos Días;-12.074468, -77.0107631
435528798;Avenida Arnaldo Márquez Jesús María;Nuestra Señora del Sagrado Corazón;-12.0748503, -77.0502373
436601829;;Obispado Castranse del Peru;-12.0750023, -77.0361645
605774042;;Capilla Santa María de Maranga;-12.0751929, -77.0932131
835377893;;Iglesia del Nazareno;-12.0754146, -77.0054793
397540712;;Parroquia Cristo Rey;-12.0759056, -77.0319117
435497247;;Iglesia El Nazareño;-12.0759669, -77.0635176
495904983;Avenida Brasil Pueblo Libre;Monasterio de Religiosas Agustinas de la Encarnación;-12.0762166, -77.0551359
413030061;Avenida Brasil 1780 Pueblo Libre;Templo del Monasterio de Religiosas Agustinas de la Encarnación;-12.0766432, -77.055658
2023937330;;Parroquia Jesús Redentor;-12.076644, -77.104652
471312338;Ramiro Prialé La Victoria;Parroquia Virgen de La Merced;-12.0768903, -77.0138695
451459504;;Salón del Reino de los Testigos de Jehová;-12.0773296, -77.0506096
1301470755;Avenida Brasil 1864 Pueblo Libre;Alianza Cristiana y Misionera de Pueblo Libre;-12.0774568, -77.0562977
153125094;;Iglesia de Nuestra Señora de Guadalupe;-12.0775762, -77.0227847
4730007690;;IACYM;-12.0777227, -77.0904351
3063482676;;Parroquia Nuestra Señora de la Piedad;-12.0779323, -76.9922935
2023937613;;Parroquia Santa María Magdalena;-12.078152, -77.063301
831982235;;Parroquia San Juan Macías;-12.0784245, -77.0053741
2023937384;;Parroquia Nuestra Señora de la Caridad;-12.078582, -77.070999
4442989659;Federico Barreto La Victoria;La Iglesia de Jesucristo de los Santos de los Últimos Días;-12.0792666, -77.0202522
436925920;;Sukyo Mahikari;-12.0800403, -77.0763644
5941277985;Jirón Mariscal Miller 1524 Jesús María;OMP Obras Misionales Pontificias;-12.0802102, -77.0377638
2023937322;;Parroquia Cristo Sacerdote;-12.080287, -77.092659
2023937521;;Parroquia San Judas Tadeo;-12.080292, -77.079613
833748321;;La Iglesia de Jesucristo de los Santos de los Últimos Días;-12.0809106, -77.0112945
435490931;;Iglesia Adventista del Séptimo Día Brasil;-12.0812776, -77.0584852
5225622423;;Iglesia A. De Dios. Pas. Antonio;-12.0814195, -77.0868767
436575810;Avenida Militar Lince;Betania;-12.08164, -77.0319972
4347547705;;Iglesia Cristiana Apostolica Pentecostal;-12.0817641, -77.0513849
445542944;;La Iglesia de Jesucristo de los Santos de los Últimos Días;-12.0818327, -77.0862399
436479881;;Salón del Reino de los Testigos de Jehová;-12.0819339, -77.0341393
4344769632;Avenida Alvarez de Arenales 2201;Iglesia Cristiana Manmin;-12.0819872, -77.0358812
401494459;Avenida Militar Lince;Parroquia Santa Beatriz;-12.0824677, -77.0319703
436301902;;Parroquia San Antonio de Padua;-12.0827815, -77.052528
459607461;;La Iglesia de Jesucristo de los Santos de los Últimos Días;-12.0830115, -77.0365895
436279372;Avenida General César Canevaro Lince;Show de la Fe;-12.0834986, -77.0366159
1639104065;;Sanctuario de Nuestra Señora del Sagrado Corazon;-12.0847193, -77.0443942
4360892689;;Conferencia episcopal peruana;-12.084849, -77.0553417
449461551;Avenida San Eugenio La Victoria;Colegio parroquial San Nolberto;-12.0852891, -77.0180631
2023937551;;Parroquia San Norberto;-12.0853647, -77.018334
3620430015;Jirón Risso Lince;Comunidad Cristiana Agua Viva;-12.0854754, -77.0336629
436284936;;Parroquia Santa Rosa de Lima;-12.0865479, -77.0389875
4750191722;;iglesia Casa de Oración;-12.0866606, -77.0706671
291821665;;Parroquia Inmaculado Corazón de María;-12.0868931, -77.0689924
397696561;Avenida Arequipa 2356 Lima;Iglesia Alianza Cristiana y Misionera de Lince;-12.0875268, -77.034435
2023937340;;Parroquia María Madre de Dios;-12.087688, -77.088211
413035084;;"Iglesia de Dios ""Templo Vida Nueva""";-12.0879166, -77.064785
2023937605;;Parroquia Santa María Madre de la Iglesia;-12.088354, -77.056
435182348;;Iglesia de la Paz Coral 3 San Miguel;-12.088794, -77.0865034
465799367;Avenida Cesar Vallejo 455 Lince;Sūkyō Mahikari;-12.0892863, -77.0368756
435193293;;Iglesia Biblica Bautista;-12.0895147, -77.0839198
439196561;Avenida de las Artes Norte 860 san Borja;Parroquia San Francisco de Borja;-12.0905225, -76.9981213
435851341;Avenida Javier Prado Este 671 Lima;Emmanuel Iglesia Bíblica;-12.0909027, -77.0264127
2023937320;;Iglesia Nuestra Señora Del Carmen;-12.0909506, -77.0806867
598386907;;Parroquia Nuestra Señora Del Carmen de San Miguel;-12.0910731, -77.0806605
4439807076;Enrique Echenique Magdalena del Mar;Religiosas franciscana de Inmaculada Concepción;-12.0911589, -77.0748326
12591213808;;Iglesia Morada De Dios;-12.0918858, -77.0742687
2023937474;;Parroquia San Felipe Apóstol;-12.0921676, -77.0485617
401491773;Avenida Arequipa 2745 San Isidro;Iglesia Mision Familiar Internacional;-12.0925337, -77.0329749
436312648;;Parroquia San Juan María Vianney;-12.0927831, -77.061077
291831411;Jirón Grau 525;Parroquia Sagrado Corazón de Jesús;-12.0928625, -77.0735881
436928168;Victor Larco Herrera 815 Magdalena del Mar;Templo Cristo Vive;-12.0929502, -77.0677583
436924423;Avenida Antonio Miro Quesada Magdalena del Mar;La Iglesia de Jesucristo de los Santos de los Últimos Días;-12.0931257, -77.0588909
5087410771;Jirón Ricardo Rey Basadre 158 Magdalena del Mar;Colegio Parroquial San Juan María Vianney;-12.0935797, -77.0679914
1315440869;Jirón Tacna 556;Asociación Islámica del Perú;-12.0938762, -77.0721275
588817553;Calle Las Camelias 350 San Isidro;Parroquia Virgen de La Salud;-12.0941757, -77.0294048
437497172;;Misión Luterana;-12.0953027, -77.0034349
2023937530;;Parroquia San Leopoldo;-12.095488, -76.981201
12590131757;;Capilla Santísima Niña María;-12.0955715, -77.0729179
401491750;Avenida Victor Andrés Belaunde 160 San Isidro;Parroquia Virgen del Pilar;-12.0961006, -77.0358012
12590198446;;Nuestra Señora de la paz;-12.0965116, -77.073301
4143633289;Bonnemaison Magdalena del Mar;Casa de Espiritualidad San José de Cluny;-12.0972085, -77.0682658
1361163431;;Nuestra Señora De Lourdes;-12.09793, -77.0716309
439031081;Avenida Guardia Civil 787 San Borja;Parroquia Nuestra Señora de Gracia;-12.0988423, -77.0116385
2023937622;Calle Los Cisnes 321 Lima;Parroquia Santa Mónica;-12.100424, -77.023842
4214532712;;La Iglesia de Jesucristo de los Santos de los Últimos Días;-12.100776, -77.0253877
1427345997;;Parroquia Nuestra Señora de la Medalla Milagrosa;-12.101985, -77.05512
575674113;;Capilla Juan XXIII;-12.1078596, -76.9991461
435355899;Avenida Santa Cruz Miraflores;Iglesia Anglicana El Buen Pastor;-12.1078975, -77.034616
416297424;;Parroquia Santísimo Nombre de Jesús;-12.1080811, -76.9828782
2023937370;Calle José Álvarez Calderón San Borja;Parroquia Nuestra Señora de la Alegria;-12.109162, -77.003998
405570134;Avenida Los Conquistadores 1293 San Isidro;Parroquia Santa María Reina;-12.1094339, -77.0366288
436738985;Avenida Paseo de la República Miraflores;Iglesia Evangelica Coreana;-12.1095624, -77.0268384
435319550;Avenida General Córdova Miraflores;Parroquia Nuestra Señora de Belén;-12.109743, -77.0472998
435710340;;Iglesia Bautista Ebenezer;-12.111899, -77.0315675
435338677;Avenida Comandante Espinar 754 San Isidro;Iglesia Adventista del Séptimo Día de Miraflores;-12.1121394, -77.0364867
12614192098;;Iglesia Cristiana La Puerta;-12.1124906, -77.0214159
397558426;;Parroquia San Vicente de Paul;-12.1129911, -77.0246011
7563142672;Avenida Angamos Oeste 1155 Miraflores;Union Church of Lima;-12.1134072, -77.0408459
4949302282;Jirón Francisco Moreno 694 Surquillo;Las Buenas Nuevas;-12.1149751, -77.0242683
2023937389;;Parroquia Nuestra Señora de la Evangelización;-12.11499, -77.001297
436941375;;Iglesia Cristiana Evangélica Pentecostal;-12.115185, -77.0134309
815665503;Calle 27 de Noviembre 375 Miraflores;SSM (Casa de la Diosa Madre);-12.1164468, -77.0412172
570084848;;La Iglesia de Jesucristo de los Santos de los Últimos Días;-12.1170252, -77.0078695
435189311;;Parroquia Nuestra Señora de la Asunción;-12.1172409, -77.0423122
653273559;;Parroquia Alemana San José;-12.1182487, -77.0309716
438662237;;Capilla de San Atanacio de Pegregal;-12.1183695, -76.9972497
436940006;Avenida Sergio Bernales Surquillo;Iglesia Adventista El Septimo Dia;-12.1184407, -77.0151102
432966650;;Iglesia La Reparación;-12.1200189, -77.0320904
435382133;;La Iglesia de Jesucristo de los Santos de los Últimos Días;-12.1207725, -77.0392695
436300784;;Iglesia Metodista de Mireflores;-12.1247733, -77.0257148
434795519;Avenida Alfredo Benavides Lima;Alianza Cristiana Misionera de Miraflores;-12.1270711, -77.0151769
2023937422;;Parroquia Nuestra Señora del Carmen - Miraflores;-12.1280424, -77.0222773
436597631;Calle Padre Amelio Plasencia 135 Miraflores;Parroquia Santa Rita de Casia;-12.1281908, -77.0114368
2176685674;;Centro Parroquial Carmelitas;-12.1288148, -77.0226149
435345827;Avenida Vasco Nuñez de Balboa Miraflores;Parroquia Nuestra Señora de Fátima;-12.1337788, -77.0278453
